Aaron,M
Aaronit,M
Aba,F
Abaco,M
Abalen,M
Abbas,M
Abbie,F
Abbott,M
Abby,F
Abdala,M
Abdas,M
Abdecalas,M
Abdel,M
Abderico,M
Abdias,M
Abdiel,M
Abdieso,M
Abdo,M
Abdon,M
Abdul,M
Abdullah,M
Abe,M
Abel,M
Abelardo,M
Abenamar,M
Abencio,M
Abeni,F
Aberardo,M
Abercio,M
Abey,M
Abhay,M
Abi,A
Abia,F
Abibo,M
Abibon,M
Abie,M
Abiel,M
Abigail,F
Abijah,M
Abijail,F
Abilio,M
Abimael,M
Abira,F
Abisai,M
Abner,M
Abra,F
Abraham,M
Abrahamitas,M
Abrahan,M
Abram,M
Abran,M
Abril,F
Abryl,F
Absalon,M
Abu,M
Abudemio,M
Abundancio,M
Abundio,M
Acabi,F
Acacia,F
Acacio,M
Acañir,A
Acantha,F
Acaropita,F
Acato,M
Accalia,F
Accas,M
Accio,M
Acdel,M
Ace,M
Acelin,M
Acepimas,M
Acilino,M
Acindino,M
Acira,F
Acisclo,M
Ackerley,M
Acnin,A
Acucio,M
Acursio,M
Ada,F
Adabella,F
Adah,F
Adair,M
Adala,M
Adalberto,M
Adalgisa,F
Adalia,F
Adalid,M
Adalino,M
Adalis,F
Adam,M
Adamina,F
Adamnan,M
Adamo,M
Adan,M
Adaobi,F
Adara,F
Adauco,M
Adaucto,M
Adbeel,M
Adbi,M
Addie,F
Addis,F
Addison,M
Ade,M
Adel,M
Adela,F
Adelaida,F
Adelaide,F
Adelardo,M
Adelberto,M
Adelburga,F
Adele,F
Adelfa,F
Adelfo,M
Adelgiro,M
Adelia,F
Adelina,F
Adeline,F
Adelino,M
Adelio,M
Adelle,F
Adelma,F
Adelmar,M
Adelmo,M
Adelqui,M
Adem,M
Ademar,M
Ademaro,M
Ademia,F
Adena,F
Aderes,M
Aderito,M
Adhelma,F
Adhemar,M
Adi,M
Adib,M
Adiel,M
Adil,M
Adila,F
Adilson,M
Adina,F
Adiran,M
Adita,F
Aditardo,M
Aditi,F
Adiva,F
Adlai,M
Adley,M
Admon,M
Ado,M
Adolfina,F
Adolfo,M
Adolph,M
Adon,M
Adonai,M
Adoncia,F
Adonia,F
Adonis,M
Adora,F
Adoracion,F
Adorinda,F
Adrew,M
Adria,F
Adrian,M
Adriana,F
Adriano,M
Adriel,M
Adrienne,F
Adrine,F
Adrio,M
Adrion,M
Adulfo,M
Adventor,M
Ady,F
Adyuto,M
Adyutor,M
Aeneas,M
Affrica,F
Afia,M
Afiano,M
Afif,A
Afra,F
Afraates,M
Afric,F
Africa,A
Africano,M
Afrides,M
Afrika,F
Afrodisio,M
Afrodita,F
Afton,M
Aftonio,M
Agabe,M
Agabio,M
Agabo,M
Agape,F
Agapio,M
Agapito,M
Agar,F
Agata,F
Agatangelo,M
Agate,A
Agatha,F
Agatoclia,F
Agatodoro,M
Agaton,M
Agatonica,F
Agatonico,M
Agatopodes,M
Agatopodo,M
Ageo,M
Agerico,M
Aggie,F
Aghavni,F
Agilberto,M
Agileo,M
Aglae,F
Agliberto,M
Agnano,M
Agnelo,M
Agnes,F
Agnese,F
Agnetha,F
Agnew,M
Agoardo,M
Agop,M
Agostina,F
Agostino,M
Agricio,M
Agricola,M
Agripa,M
Agripina,F
Agripino,M
Aguaclara,F
Agueda,F
Aguri,M
Agusti,M
Agustin,M
Agustina,F
Agustino,M
Aharon,M
Ahava,F
Ahearn,M
Ahian,M
Ahilton,M
Ahmad,M
Ahmed,M
Ahmik,M
Aiad,A
Aiako,F
Aiala,F
Aicardo,M
Aicha,F
Aida,F
Aidan,M
Aidano,M
Aide,F
Aiel,M
Aielet,F
Aien,A
Aigulfo,M
Aike,A
Aiken,F
Aiko,F
Aila,F
Aileen,F
Ailen,F
Ailin,F
Ailish,F
Ailla,F
Ailsa,F
Aimar,M
Aimara,F
Aimardo,M
Aime,F
Aimee,F
Aimery,M
Aimi,F
Aimie,F
Ain,A
Aina,F
Ainao,A
Ainara,F
Aine,F
Ainhoa,F
Ainsley,F
Ainslie,M
Aiosha,M
Airlia,F
Aischa,F
Aisha,F
Aisling,F
Aislinn,F
Aissatou,F
Aitalas,M
Aitana,F
Aitiana,F
Aitor,M
Aixa,F
Aiyana,F
Ajani,M
Ajay,M
Akagi,M
Akane,F
Akanke,F
Akari,A
Akasma,F
Akbar,M
Akela,F
Akemi,F
Aki,M
Akiko,F
Akil,M
Akilah,A
Akilina,A
Akina,F
Akio,M
Akira,M
Akiva,M
Aksel,M
Al,M
Alaa,F
Alaciel,M
Aladdin,M
Aladino,M
Alahi,F
Alaia,F
Alaide,F
Alain,M
Alair,M
Alala,F
Alan,M
Alana,F
Alani,F
Alanis,F
Alanna,F
Alano,M
Alaor,M
Alaqua,F
Alaric,M
Alarico,M
Alastair,M
Alaura,F
Alavda,F
Alaya,F
Alayde,F
Alayn,M
Alba,F
Alban,M
Albana,F
Albano,M
Albar,M
Alben,M
Alberico,M
Albert,M
Alberta,F
Albertina,F
Alberto,M
Albida,F
Albin,M
Albina,F
Albinka,F
Albino,M
Albuino,M
Alcander,M
Alceo,M
Alcia,F
Alcibiades,M
Alcides,M
Alcina,F
Alcira,F
Alcmena,F
Alcott,A
Alda,F
Aldabel,F
Aldabella,F
Aldair,M
Aldan,M
Aldana,F
Aldara,F
Aldea,F
Aldegunda,F
Aldelmo,M
Aldemar,M
Alden,M
Alder,M
Aldercy,F
Alderico,M
Aldevar,M
Aldina,F
Aldo,M
Ale,A
Alea,F
Aleandro,M
Aleardo,M
Alec,M
Alecio,M
Aleeza,F
Alegra,F
Alegre,F
Alegria,F
Aleida,F
Aleix,M
Alejandra,F
Alejandrina,F
Alejandro,M
Alejo,M
Alek,M
Aleka,F
Aleksan,M
Aleksander,M
Aleksandra,F
Aleksey,M
Aleksy,M
Aleli,F
Alelia,F
Alem,M
Alen,A
Alena,F
Alenka,F
Aleron,M
Alesandra,F
Alesandro,M
Aleser,M
Alesia,F
Alesio,M
Alessandra,F
Alessandro,M
Alessia,F
Alessio,M
Aleta,F
Alethea,F
Alethia,F
Aletta,F
Alex,M
Alexa,F
Alexan,M
Alexander,M
Alexandra,F
Alexandre,M
Alexandria,F
Alexandrina,F
Alexandro,M
Alexandros,M
Alexeev,M
Alexei,M
Alexey,M
Alexia,F
Alexina,F
Alexio,M
Alexis,M
Aley,A
Aleya,F
Alfa,M
Alfeo,M
Alfieri,M
Alfio,M
Alfonsa,F
Alfonsina,F
Alfonso,M
Alfred,M
Alfredo,M
Algar,M
Alger,M
Algerico,M
Alheli,F
Alhue,M
Alhueche,A
Ali,M
Alia,F
Alian,A
Alibar,M
Alice,F
Alicia,F
Alida,F
Alide,F
Alides,M
Alidia,F
Alihuen,A
Alik,M
Alike,F
Aliki,F
Alim,M
Alima,F
Alin,F
Alina,F
Alinda,F
Aline,F
Alipio,M
Aliquen,M
Alira,F
Alis,F
Alison,F
Alissa,F
Alistair,M
Alister,M
Alit,F
Alita,F
Alithia,F
Alix,F
Aliza,F
Alize,F
Alkun,M
Allan,M
Allard,M
Allegra,F
Allen,M
Allison,F
Alma,F
Almandos,M
Almanzor,M
Almaquio,M
Almendra,F
Almiro,M
Almudena,F
Alodia,F
Alodie,F
Alois,M
Aloisio,M
Aloiz,M
Alojz,M
Alomai,F
Alon,M
Alona,F
Alondra,F
Alonso,M
Aloysia,F
Alphonse,M
Alpiniano,M
Alsacia,F
Alston,M
Altagracia,F
Altair,F
Altea,F
Alter,M
Althea,F
Alton,M
Aluel,M
Aluen,A
Aluhe,A
Alula,M
Alulay,F
Alumine,F
Alun,F
Aluné,F
Aluney,A
Alva,A
Alvand,M
Alvar,M
Alvaro,M
Alvesio,M
Alvia,F
Alvin,M
Alvis,M
Alvita,F
Alys,F
Alysa,F
Alyson,F
Alyssa,F
Alzena,F
Amabel,F
Amabelio,M
Amable,F
Amada,F
Amadeo,M
Amadeus,M
Amadis,M
Amado,M
Amador,M
Amaia,F
Amaicha,F
Amaike,A
Amal,F
Amali,F
Amalia,F
Amalio,M
Amaltea,F
Amambay,F
Aman,M
Amana,F
Amancai,F
Amancay,F
Amancio,M
Amanda,F
Amandine,F
Amandio,M
Amando,M
Amani,A
Amankaya,A
Amantze,F
Amapola,F
Amara,F
Amarande,F
Amaranta,F
Amarante,F
Amaranto,M
Amarilis,F
Amarino,M
Amarire,F
Amaris,F
Amaro,M
Amaru,A
Amaryllis,F
Amata,F
Amatista,F
Amauri,M
Amaury,F
Amauta,F
Amaya,F
Ambar,F
Ambay,A
Amber,F
Ambico,M
Ambika,F
Ambrosia,F
Ambrosio,M
Amedeo,M
Ameerah,F
Ameghino,M
Amel,M
Amelberga,F
Ameli,F
Amelia,F
Amelida,F
Amelie,F
Amelin,F
Amelina,F
Amelio,M
Amena,F
America,F
Americo,M
Amethyst,F
Ami,A
Amideo,M
Amiel,M
Amijay,F
Amilcar,M
Amin,M
Amina,F
Aminda,F
Amine,F
Aminta,F
Amir,M
Amira,F
Amiri,M
Amissa,F
Amit,M
Amitai,F
Amittai,M
Amity,F
Ammi,F
Ammia,F
Ammiano,M
Ammiel,M
Ammon,M
Ammonaria,F
Ammonio,M
Amnedis,F
Amneris,F
Amon,M
Amor,A
Amorina,F
Amorino,M
Amory,F
Amos,M
Amparo,F
Ampelio,M
Ampelo,M
Ampliado,M
Amuyen,M
Amy,F
Amye,F
An,F
Ana,F
Ana de las Ermitas,F
Anaba,F
Anabel,F
Anabela,F
Anabeli,F
Anabella,F
Anacario,M
Anacarla,F
Anacelis,F
Anaclara,F
Anacleto,M
Anacreonte,M
Anadina,F
Anael,A
Anaelle,F
Anahi,F
Anahiancy,F
Anahid,F
Anais,F
Anakin,A
Analaura,F
Analena,F
Anali,F
Analia,F
Analis,F
Analisa,F
Analiz,F
Analua,F
Analuz,F
Analy,F
Anamilla,F
Anamlor,F
Ananda,F
Anandi,F
Anando,M
Ananias,M
Ananquel,F
Anarda,F
Anasol,F
Anastacia,F
Anastasia,F
Anastasio,M
Anastay,F
Anat,A
Anatalon,M
Anatiel,F
Anatilde,F
Anatol,M
Anatole,M
Anatolia,F
Anatolio,M
Anatonia,F
Anaxagoras,M
Ancelin,F
Ande,M
Andeolo,M
Ander,M
Anders,M
Andi,F
Andina,F
Andino,M
Andoni,M
Andoquio,M
Andra,F
Andranik,M
Andras,A
Andre,M
Andrea,F
Andreana,F
Andreas,M
Andrei,M
Andreina,F
Andres,M
Andretta,F
Andreus,M
Andrew,M
Andrey,M
Andrian,M
Andriela,F
Andries,M
Andro,M
Androcles,M
Androgeo,M
Andromaca,F
Andromeda,F
Andronico,M
Andry,M
Andura,F
Andy,M
Anecto,M
Aneider,F
Anele,M
Anelei,F
Anelen,F
Anelida,F
Anelina,F
Anelisa,F
Anelise,F
Anella,F
Anemone,F
Anempodisto,M
Anera,F
Añes,F
Anesio,M
Anette,F
Anezka,F
Anfiloquio,M
Anfion,M
Angel,M
Angela,F
Angeles,F
Angelia,F
Angelica,F
Angelico,M
Angelina,F
Angeline,F
Angelines,F
Angelique,F
Angelo,M
Angeni,F
Angie,F
Angilberto,M
Angiolina,F
Angulo,M
Angus,M
Angustias,F
Anhelen,F
Ani,F
Añi Nala,F
Ania,F
Aniah,M
Aniana,F
Aniano,M
Anibal,M
Anica,F
Aniceto,M
Aniela,F
Anieli,M
Aniella,F
Aniello,M
Anika,F
Aniko,F
Anil,A
Anina,F
Anine,F
Aniria,F
Anisa,F
Anise,F
Anisi,A
Anisia,F
Anisio,M
Anita,F
Anixe,F
Anju,F
Anke,F
Anker,M
Ankine,F
Ann,F
Anna,F
Annabel,F
Annabella,F
Annaly,F
Anne,F
Annelie,F
Anneliese,F
Annella,F
Anneris,F
Annette,F
Anni,F
Annick,F
Annie,F
Annika,F
Annis,F
Annoha,F
Annora,F
Annuar,M
Anoel,A
Anoha,F
Anoki,M
Anolfo,M
Anon,M
Anouk,F
Anquises,M
Ansano,M
Ansberto,M
Anscario,M
Ansel,M
Anselme,M
Anselmo,M
Ansley,A
Ansovino,M
Antar,M
Antara,F
Antares,M
Anteia,F
Antelmo,M
Antelo,M
Antenor,M
Anteo,M
Antero,M
Antes,M
Anthea,F
Anthony,M
Anti,A
Antia,F
Antidio,M
Antigona,F
Antigono,M
Antimo,M
Antinisca,F
Antino,M
Antinogenes,M
Antioco,M
Antipas,M
Antje,F
Antoine,M
Antoliano,M
Antolin,M
Antolina,F
Anton,M
Antonela,F
Antonella,F
Antonello,M
Antonia,F
Antonieta,F
Antonina,F
Antonino,M
Antonio,M
Antony,M
Antranig,M
Antsise,M
Antu,A
Antual,M
Antuan,M
Antun,M
Antusa,F
Anuar,M
Anuk,F
Anunciacion,F
Anunciada,F
Anush,F
Anwar,M
Any,F
Anya,F
Anyel,F
Anyelen,F
Aoife,F
Aolani,F
Aoniken,F
Aparicio,M
Apaz,M
Apees,M
Apeles,M
Apelio,M
Apia,F
Apiano,M
Apirka,F
Apodemio,M
Apolinar,M
Apolinaria,F
Apolinario,M
Apollinaire,M
Apolline,F
Apolo,M
Apolodoro,M
Apolonia,F
Apolonio,M
Aponi,F
April,F
Apro,M
Aproniano,M
Aptonio,M
Apuleyo,M
Aquene,F
Aquila,M
Aquileo,M
Aquiles,M
Aquilesia,F
Aquilina,F
Aquilino,M
Ara,A
Arabela,F
Arabia,M
Araceli,F
Aracelis,F
Aracelli,F
Araci,F
Aracio,M
Aracoeli,F
Aracy,F
Arador,M
Arai,A
Arakel,M
Araksi,F
Aram,M
Arami,A
Aramil,A
Araminta,F
Aramis,M
Arandu,A
Arantxa,F
Arantza,F
Arantzazu,F
Aranzazu,F
Arapey,F
Arash,M
Araucaria,F
Arauco,M
Araxi,F
Arbogasto,M
Arcadia,F
Arcadio,M
Arcana,F
Arcangel,M
Arcangela,F
Arcelia,F
Archaluis,M
Archer,M
Archibald,M
Archibaldo,M
Arconcio,M
Ardaches,M
Ardalion,M
Ardashes,M
Ardelia,F
Arden,M
Ardin,M
Ardis,F
Ardon,M
Arduino,M
Are,A
Areb,M
Arecio,M
Aref,M
Arek,M
Arel,A
Areli,F
Areliz,F
Arella,F
Aren,M
Arena,F
Ares,M
Aresio,M
Aretas,M
Aretha,F
Aretina,F
Aretusa,F
Arev,A
Arge,A
Argelia,F
Argen,F
Argentina,F
Argentino,M
Argeo,M
Argimiro,M
Argos,M
Argus,M
Argyroula,A
Ari,M
Aria,F
Ariadna,F
Ariadne,F
Arian,M
Ariana,F
Ariane,F
Arianna,F
Arianne,F
Ariano,M
Aric,M
Aricel,F
Aricelli,F
Aricia,F
Aricin,M
Arie,M
Arieh,M
Ariel,M
Ariela,F
Ariella,F
Arielle,F
Ariene,F
Arif,M
Arik,M
Arim,M
Ario,M
Arion,M
Ariosto,M
Aris,M
Arista,F
Aristarco,M
Aristeo,M
Aristides,M
Aristion,M
Aristipo,M
Aristo,M
Aristobulo,M
Aristocles,M
Aristofanes,M
Ariston,M
Aristonico,M
Aristoteles,M
Arjuna,A
Arkin,M
Arlene,F
Arlinet,F
Arman,M
Armand,M
Armanda,F
Armande,M
Armandina,F
Armando,M
Armen,M
Armenia,F
Armentaria,F
Armentario,M
Armenuhi,F
Armida,F
Arminda,F
Armindo,M
Armogastes,M
Armonia,F
Arnaldo,M
Arnaud,M
Arndt,M
Arne,M
Arneris,F
Arnie,M
Arno,M
Arnol,M
Arnold,M
Arnoldo,M
Arnolfo,M
Arnon,M
Arnulfo,M
Aroldo,M
Aron,M
Aroncio,M
Arquelao,M
Arquimedes,M
Arquipo,M
Arrigo,M
Arrio,M
Arsacio,M
Arsen,M
Arsenio,M
Arshak,M
Art,M
Artajerjes,M
Artemio,M
Artemisa,F
Artemon,M
Arthur,M
Artin,M
Arturo,M
Aruanda,F
Aruna,F
Aruni,A
Arvid,M
Ary,M
Aryan,M
Aryana,F
Arydea,F
Arye,M
Asaar,M
Asael,M
Asaf,M
Asafo,M
Asbed,M
Asbel,M
Ascension,A
Ascla,F
Asclas,M
Asclepiades,M
Asclepiodoto,M
Asdrubal,M
Asei,M
Asela,F
Asencio,M
Aser,M
Aset,M
Asha,F
Asher,M
Ashera,F
Ashford,M
Ashjen,M
Ashlan,A
Ashley,A
Ashlin,M
Ashling,F
Ashtar,M
Ashur,M
Asia,F
Asier,M
Asincrito,M
Asis,M
Asise,M
Aslan,M
Asmara,F
Asmodeo,M
Aspasia,F
Aspreno,M
Assur,M
Asta,F
Astalora,F
Astera,F
Asteria,F
Asterio,M
Astio,M
Astor,M
Astra,F
Astrea,F
Astrid,F
Asuero,M
Asuncion,F
Atahualpa,M
Atahualpa d.l.Andes,M
Atalia,F
Atalicio,M
Ataliva,M
Atalo,M
Atanasia,F
Atanasio,M
Atara,F
Atenas,F
Atenea,F
Atenodoro,M
Atenogenes,M
Athalia,F
Athan,M
Athena,F
Athenas,F
Atherton,M
Athina,F
Athos,M
Atica,F
Atico,M
Atieh,M
Atiel,M
Atifa,F
Atila,M
Atilano,M
Atilio,M
Aton,M
Attar,M
Atuel,M
Atzin,A
Auberta,F
Auberto,M
Aubino,M
Aubrey,M
Auca,M
Aucan,A
Aucto,M
Auda,F
Audacto,M
Audaz,M
Audberto,M
Aude,F
Audelina,F
Auden,M
Audi,F
Audifaz,M
Audoeno,M
Audomaro,M
Audra,F
Audrey,F
Audric,M
Audry,F
Audun,M
Augulo,M
Augurio,M
August,M
Augusta,F
Augustal,M
Augustin,M
Augustine,A
Augusto,M
Augustus,M
Auki,A
Aunario,M
Aure,F
Aurea,F
Auree,F
Aurek,F
Aurelia,F
Aureliano,M
Aurelio,M
Aureo,M
Auri,F
Auria,F
Aurilia,F
Aurora,F
Ausano,M
Ausonio,M
Auspicio,M
Austin,M
Austreberta,F
Austregisilo,M
Austremonio,M
Austricliniano,M
Autana,F
Autonomo,M
Autumm,F
Auxano,M
Auxencio,M
Auxibio,M
Auxilio,M
Auxtina,F
Ava,F
Avedis,M
Avelino,M
Avena,F
Aventino,M
Avery,M
Avi,A
Avigdor,M
Avilio,M
Avital,F
Avito,M
Aviv,M
Aviva,F
Avril,F
Axel,M
Aya,F
Ayalen,F
Ayame,F
Ayarai,M
Ayax,M
Ayelen,F
Ayelet,F
Ayen,F
Ayerai,A
Ayesa,F
Ayesha,F
Ayhesa,F
Ayiana,F
Ayisha,F
Ayita,F
Ayla,F
Aylen,A
Aylin,F
Aymara,F
Aymee,F
Ayoka,F
Ayrampu,A
Ayren,A
Ayrton,M
Ayumi,F
Ayun,A
Azadanes,M
Azades,M
Azael,M
Azalea,F
Azalia,F
Azarias,M
Azariel,M
Azas,M
Azize,M
Azrael,M
Azucena,F
Azul,F
Babet,F
Babette,F
Babilas,M
Bachar,F
Baco,M
Badda,F
Bademo,M
Bader,M
Badiha,F
Badir,M
Badra,F
Bahari,M
Bahia,F
Bahiana,F
Bahiano,M
Bahich,M
Bailey,M
Bainbridge,M
Baird,M
Baka,F
Balarama,M
Balbiana,F
Balbina,F
Balbino,M
Balbo,M
Balder,M
Baldomero,M
Balduino,M
Baldur,M
Baldwin,M
Bali,M
Balint,M
Baliwani,F
Ballard,A
Baltar,M
Baltasar,M
Baltazar,M
Balthazar,M
Bambu,M
Banbury,M
Bancroft,M
Baptiste,M
Baraquisio,M
Barbaciano,M
Barbara,F
Barbato,M
Barbea,F
Barbelo,M
Barclay,M
Barcli,F
Barden,M
Bardomiano,M
Baris,M
Barkev,M
Barlaan,M
Barnabas,M
Barnard,M
Barnett,M
Barney,M
Baroncio,M
Barrett,M
Barry,M
Barsabas,M
Barsanufio,M
Barsen,M
Barsimeo,M
Bart,M
Bartolo,M
Bartolome,M
Barton,M
Baruc,M
Baruch,M
Baruir,M
Baruj,M
Barula,M
Basa,F
Basha,F
Basia,F
Basiano,M
Basil,M
Basila,F
Basileo,M
Basiliano,M
Basilides,M
Basilio,M
Basilisa,F
Basilisco,M
Basimah,F
Basolo,M
Bassa,F
Bassi,M
Basso,M
Bast,M
Bastian,M
Bastiana,F
Bat,M
Batana,F
Batia,F
Batilde,F
Batista,M
Batsheva,F
Battista,M
Batul,F
Batya,F
Baudelio,M
Baudilio,M
Bautista,M
Bavon,M
Baxter,M
Bay,A
Bayaceto,M
Bayan,M
Bayard,M
Bayo,F
Bayulo,M
Beacan,M
Beagan,M
Beaman,M
Beano,M
Beata,F
Beato,M
Beatrice,F
Beatrix,F
Beatriz,F
Beatriz del Valle,F
Beattie,F
Beau,M
Beaumont,M
Beauregard,M
Becca,F
Beck,M
Beda,M
Bedelia,F
Beder,M
Begga,F
Begoña,F
Begonia,F
Beism,M
Bejle,F
Bel,F
Belana,F
Belara,F
Belarmino,M
Beldon,M
Belen,A
Belena,F
Belerofonte,M
Belgrano,M
Belia,F
Belinda,F
Belino,M
Belisa,F
Belisario,M
Belkis,F
Belkyss,F
Bell,A
Bella,F
Bellanca,F
Belle,F
Belona,F
Belsy,F
Beltran,M
Bem,M
Ben,M
Ben Hur,A
Bena,F
Benedetta,F
Benedict,M
Benedicta,M
Benedicto,M
Benen,M
Benet,M
Benett,M
Benicia,F
Benicio,M
Benigno,M
Benilda,F
Benilde,F
Benildes,F
Benita,F
Benito,M
Benjamin,M
Benjamina,F
Benjasmin,F
Bennett,M
Benny,M
Benoit,M
Benon,M
Benson,M
Bent,M
Bente,F
Bentley,M
Beraja,F
Beranger,M
Berardo,M
Bercario,M
Berend,M
Berenger,M
Berenice,F
Bergo,M
Bergren,M
Berit,F
Berjuhi,A
Berk,M
Berkeley,M
Berko,M
Bern,M
Berna,F
Bernabe,M
Bernabela,F
Bernadette,F
Bernadine,F
Bernard,M
Bernarda,F
Bernardina,F
Bernardino,M
Bernardita,F
Bernardo,M
Berne,M
Berniago,M
Bernice,F
Bernie,M
Bernon,M
Bernwardo,M
Beronico,M
Bert,M
Berta,F
Bertel,M
Bertha,F
Berthold,M
Bertil,M
Bertila,F
Bertilda,F
Bertina,F
Bertino,M
Bertoldo,M
Berton,M
Bertran,M
Bertrand,M
Bertulfo,M
Beryl,A
Bes,F
Besa,M
Besarion,M
Bess,F
Beta,F
Betania,F
Beth,F
Bethany,F
Bethsabe,F
Betiana,F
Betina,F
Betsabe,F
Betsy,F
Bette,F
Bettina,F
Betty,F
Beulah,F
Bevan,M
Beverly,A
Bevin,A
Bhoomika,F
Bialy,M
Bian,F
Bianca,F
Bianor,M
Bibiana,F
Biblides,M
Biblis,F
Bice,F
Bicor,M
Bidelia,F
Bienvenido,M
Bigay,F
Bilal,M
Billy,M
Bilma,F
Bina,F
Biniamin,M
Binny,F
Birch,M
Birget,F
Birgitta,F
Birilo,M
Birino,M
Birkita,F
Birney,M
Birtle,M
Bishop,M
Bithron,F
Bitia,F
Biviano,M
Bjorn,M
Blade,M
Bladimiro,M
Blaine,M
Blair,A
Blaise,M
Blake,A
Blanca,F
Blanche,F
Blanda,F
Blandina,M
Blas,M
Blasco,M
Blasides,M
Blasina,F
Blayne,F
Blaze,M
Blenda,F
Bligh,M
Blima,F
Bliss,F
Blithe,F
Blix,M
Blossom,F
Bluma,F
Bly,M
Blythe,F
Bo,A
Boden,M
Boecio,M
Bogart,M
Bogdan,M
Bogdanov,M
Boghos,M
Bogos,M
Bohdan,M
Bohdana,F
Boleslao,M
Bolonia,F
Bolton,M
Bona,F
Bonaiunta,M
Bond,M
Bonfilio,M
Bonifacio,M
Bonita,F
Bonito,M
Bonnie,F
Bono,M
Bononio,M
Bonosa,F
Bonoso,M
Booker,M
Boone,M
Boram,M
Borden,M
Boreas,M
Boris,M
Borja,M
Borna,M
Bowen,M
Bowie,M
Bowman,M
Boyce,M
Boyd,M
Boyden,M
Bracha,F
Brad,M
Braden,M
Bradford,M
Bradley,M
Bradney,M
Brady,M
Braina,F
Braja,F
Bram,M
Bran,M
Branco,M
Brand,M
Brandeis,M
Brandina,F
Brando,M
Brandon,M
Brandy,F
Branimir,M
Branko,M
Brant,M
Brasilina,F
Braulio,M
Braxton,M
Brazil,A
Breck,M
Bree,F
Breena,F
Brencis,M
Brenda,F
Brendan,M
Brendano,M
Brenie,M
Brenna,F
Brennan,M
Breno,M
Brent,M
Brentan,M
Breogan,M
Bretanion,M
Brett,M
Bretta,F
Brewster,M
Brian,M
Briana,F
Briand,F
Brianda,F
Brianna,F
Briar,F
Briccio,M
Brice,M
Bricio,M
Bridget,F
Brie,F
Brieg,M
Brielle,F
Brietta,F
Brighton,M
Brigida,F
Brigido,M
Brigit,F
Brigitte,F
Brilane,A
Brina,F
Brink,M
Brinley,F
Briony,F
Brisa,F
Briseida,F
Brit,A
Brita,F
Britain,A
Britannia,F
Britany,F
Brites,F
Britta,F
Brittany,F
Brock,M
Broderick,M
Brody,M
Broje,F
Bronislao,M
Bronson,M
Brooke,F
Brooks,M
Bruce,M
Bruna,F
Brunela,F
Brunella,F
Brunequilda,F
Brunette,F
Brunilda,F
Bruno,M
Bruria,F
Bruto,M
Bryan,M
Bryanna,F
Bryant,M
Bryce,M
Brynn,A
Bryson,M
Bucefalo,M
Buck,M
Bud,M
Buda,M
Buddy,M
Buenaventura,M
Burcardo,M
Burgundofara,F
Burian,M
Burke,M
Burney,M
Burr,M
Burt,M
Burton,M
Byrd,M
Byron,M
Cadell,M
Cadence,F
Cadenet,F
Cadeo,M
Cadmo,M
Cadyk,M
Caedmon,M
Caesar,M
Caetana,F
Caetano,M
Cai,F
Caian,M
Caifas,M
Cailan,M
Cailin,F
Caimile,F
Cain,M
Caio,M
Caitanya,M
Caitlin,F
Caitlyn,F
Caitrin,F
Cala,F
Calamanda,F
Calandia,F
Calandra,F
Calanico,M
Calanit,F
Calantha,F
Caldeolo,M
Calder,M
Caleb,M
Caledonia,F
Calel,M
Calen,F
Calepodio,M
Caley,M
Calfu,A
Calhoun,M
Calian,M
Caligula,M
Calim,M
Calimaco,M
Calimerio,M
Calinica,F
Calinico,M
Caliope,F
Caliopio,M
Calista,F
Calistenes,M
Calisto,M
Calistrato,M
Calixta,F
Calixto,M
Callia,F
Callidora,F
Calliope,F
Calocero,M
Calogero,M
Caltha,F
Calvin,M
Calypso,F
Cam,F
Camacho,M
Cambises,M
Camden,M
Camel,M
Camelai,F
Camelia,F
Camerino,M
Cameron,F
Camil,A
Camila,F
Camila de la Caridad,F
Camilena,F
Camilla,F
Camille,F
Camillia,F
Camilo,M
Campbell,M
Campio,M
Canaan,M
Canace,F
Cancianila,F
Cancio,M
Candace,F
Candela,F
Candelaria,F
Candi,F
Candice,F
Candida,F
Candide,F
Candido,M
Candiss,F
Candra,F
Candy,F
Canela,F
Canico,M
Canion,M
Cantalicia,F
Cantalicio,M
Cantidiano,M
Cantidio,M
Canuto,M
Capitolina,F
Capiton,M
Caprasio,M
Capri,F
Capucine,F
Caralipo,M
Carauno,M
Careli,F
Caren,F
Carendina,F
Caresse,F
Carezza,F
Caridad,F
Carim,F
Carimi,F
Carina,F
Carine,F
Caris,F
Carisa,F
Carisio,M
Carissa,F
Caritina,F
Cariton,M
Carl,M
Carla,F
Carlen,F
Carlene,F
Carles,M
Carleton,M
Carlin,A
Carlina,F
Carlisle,M
Carlo,M
Carlomagno,M
Carlos,M
Carlota,F
Carlotta,F
Carlton,M
Carly,F
Carmel,A
Carmela,F
Carmelita,F
Carmelo,M
Carmen,F
Carmilla,F
Carmin,A
Carmina,F
Carmiña,F
Carmine,F
Carmit,F
Carnelian,F
Carol,F
Carola,F
Carolina,F
Caroline,F
Caroll,F
Carolyn,F
Caron,F
Carpo,M
Carpoforo,M
Carponio,M
Carrick,M
Carrie,F
Carson,M
Carsten,M
Carter,M
Carterio,M
Carver,M
Cary,A
Caryl,F
Carysa,F
Casandra,F
Casandro,M
Casdoa,F
Casey,A
Casia,F
Casiana,F
Casiano,M
Casiel,M
Casilda,F
Casimiro,M
Casio,M
Casiodoro,M
Caspar,M
Casper,M
Cassandra,F
Cassia,F
Cassidy,M
Cassiel,F
Cassius,M
Castalia,F
Casto,M
Castor,M
Castora,F
Castorio,M
Castrense,M
Castriciano,M
Castulo,M
Cataldo,M
Catalin,F
Catalina,F
Catalino,M
Catarina,F
Caterina,F
Caterine,F
Catherina,F
Catherine,F
Cathy,F
Cato,M
Caton,M
Catrian,M
Catriel,M
Catrina,F
Catriona,F
Catterina,F
Catulino,M
Catulo,M
Cauciano,M
Caupolican,M
Cay Co,F
Cayetano,M
Cayo,M
Ceadas,M
Ceasar,M
Cebeles,F
Cecil,M
Cecile,F
Cecilia,F
Cecilio,M
Cecily,F
Cedar,M
Cedric,M
Ceferino,M
Ceila,F
Celandine,F
Celanie,F
Celedonia,F
Celedonio,M
Celena,F
Celene,F
Celerina,F
Celerino,M
Celeste,F
Celestina,F
Celestine,F
Celestino,M
Celia,F
Celiana,F
Celiano,M
Celiar,M
Celica,F
Celide,F
Celidonia,F
Celina,F
Celinda,F
Celine,F
Celino,M
Celio,M
Celmira,F
Celsa,F
Celso,M
Celvia,F
Cenobia,F
Cenobio,M
Censurio,M
Centola,F
Cerbero,M
Cerbonio,M
Cereal,M
Cerelia,F
Ceres,F
Cerise,F
Cerne,M
Cesar,M
Cesaraugustanus,M
Cesare,M
Cesarea,F
Cesareo,M
Cesario,M
Cesia,F
Cesidio,M
Cesira,F
Cetmilena,F
Ceumar,M
Chabela,F
Chabley,F
Chablis,F
Chad,M
Chaim,M
Chal,M
Chale,M
Chalice,F
Chalmers,M
Chalon,M
Chanah,F
Chance,M
Chancellor,M
Chanda,F
Chander,M
Chandi,F
Chandler,M
Chandra,F
Chanel,F
Chaney,M
Channing,F
Chantal,F
Chapman,M
Charanpreet,F
Charbel,M
Charis,F
Charise,F
Charissa,F
Charity,F
Charlene,F
Charles,M
Charlie,A
Charlot,A
Charlotte,F
Charmaine,F
Charmian,F
Charo,F
Chase,M
Chaska,F
Chastity,F
Chauncey,M
Chava,F
Chavi,F
Chay,M
Chaya,F
Chayton,M
Chelsea,F
Chen,M
Cheney,M
Cheng Ko,M
Chenoa,F
Cher,F
Cheri,F
Cherise,F
Cherry,F
Cheryl,F
Chesna,F
Chester,M
Chevalier,M
Cheyenne,A
Chiara,F
Chidinma,F
Chika,F
Chilali,F
Childerico,M
Chilton,M
Chin,M
Chioma,M
Chloe,F
Chloris,F
Chris,A
Christa,F
Christabel,F
Christian,M
Christina,F
Christine,F
Christoph,M
Christopher,M
Christos,M
Christy,F
Chuck,M
Chukwuma,M
Chumani,F
Cian,M
Ciara,F
Cibele,F
Cibeles,F
Ciceron,M
Cielo,A
Cilinia,F
Cindeo,M
Cindy,F
Cinicia,F
Cinthia,F
Cintia,F
Cintio,M
Cinzia,F
Cipriana,F
Cipriano,M
Cira,F
Cirano,M
Circe,F
Cirenia,F
Ciria,F
Ciriaca,F
Ciriaco,M
Cirila,F
Cirilo,M
Cirinea,F
Cirineo,M
Cirino,M
Cirion,M
Ciro,M
Ciselo,M
Citino,M
Claire,F
Clara,F
Clare,F
Clarence,M
Clarencio,M
Claribel,F
Clarice,F
Clarisa,F
Clarita,F
Clark,M
Clarke,M
Claro,M
Clasico,M
Clateo,M
Claude,M
Claudia,F
Claudiano,M
Claudina,F
Claudine,F
Claudio,M
Claus,M
Clay,M
Clayton,M
Cleantha,F
Cleary,M
Cleavon,M
Clelia,F
Clemencia,F
Clemens,M
Clement,M
Clemente,M
Clementina,F
Clementine,F
Clementino,M
Cleo,F
Cleofas,M
Cleofe,F
Cleon,M
Cleonico,M
Cleopatra,F
Cleria,F
Clero,M
Cleto,M
Cleveland,M
Clever,M
Cliantha,F
Clicerio,M
Clidia,F
Cliff,M
Clifford,M
Clifton,M
Climaco,M
Clinio,M
Clint,M
Clinton,M
Clio,F
Clitemestra,F
Clitemnestra,F
Clive,M
Clivia,F
Clodoaldo,M
Clodomiro,M
Clodoveo,M
Clodulfo,M
Cloe,F
Clorinda,F
Cloris,F
Clotario,M
Clotilde,F
Clover,F
Clyde,F
Cochi,A
Codrato,M
Cody,A
Cointa,F
Colby,M
Coleman,M
Coleta,F
Colette,F
Colin,M
Colleen,F
Collin,M
Colm,M
Colman,M
Colmano,M
Coloma,F
Colomano,M
Colombina,F
Colombino,M
Colombo,M
Colon,M
Colton,M
Columba,F
Columbano,M
Columbia,F
Comfort,F
Comodo,M
Conan,M
Concepcion,F
Concesa,F
Conceso,M
Concordia,F
Concordio,M
Confucio,M
Conlan,M
Connie,F
Connor,M
Cono,M
Conon,M
Conor,M
Conrad,M
Conrado,M
Consorcia,F
Constance,F
Constancia,F
Constancio,M
Constantijn,M
Constantin,M
Constantina,F
Constantine,M
Constantino,M
Constanza,F
Consuelo,F
Contardo,M
Conway,M
Cook,M
Cooper,M
Copretes,M
Coquena,A
Cora,F
Coral,F
Coralia,F
Coralie,F
Coran,M
Corbett,M
Corbin,M
Corbiniano,M
Corcoran,M
Cordelia,F
Cordell,M
Cordula,F
Corebo,M
Corey,M
Cori,A
Corin,F
Corina,F
Corinna,F
Corinne,F
Coriolano,M
Corliss,A
Cornelia,F
Cornelio,M
Cornelius,M
Cornell,M
Corona,M
Coronados,M
Cort,M
Cory,M
Cosima,F
Cosma,F
Cosme,M
Cosmo,M
Costante,M
Costanza,F
Cotido,M
Coty,A
Courtland,M
Courtney,A
Covadonga,F
Craig,F
Craton,M
Creighton,M
Cremencio,M
Crenscente,M
Crescencia,F
Crescenciana,F
Crescenciano,M
Crescencio,M
Crescencion,M
Crescent,F
Crescente,M
Cresconio,M
Creso,M
Cressida,F
Crisanto,M
Crisoforo,M
Crisogono,M
Crisol,M
Crisologo,M
Crisostomo,M
Crisotelo,M
Crispin,M
Crispina,F
Crispiniano,M
Crispo,M
Crispulo,M
Cristal,F
Cristel,F
Cristela,F
Cristelle,F
Cristeta,F
Cristhall,F
Cristhian,M
Cristian,M
Cristiana,F
Cristiano,M
Cristina,F
Cristino,M
Cristo,M
Cristobal,M
Cristopher,M
Cromacio,M
Cronidas,M
Crosby,M
Cruz,M
Crystal,F
Cuadragesimo,M
Cuadrato,M
Cuartila,M
Cuarto,M
Cucia,M
Cucufate,M
Cullen,M
Culmacio,M
Cumelen,A
Cunegunda,F
Cuniberto,M
Cupido,M
Curcudomo,M
Curonoto,M
Curt,M
Curtis,M
Custodio,M
Cutberto,M
Cutmano,M
Cuyen,A
Cybele,F
Cybill,F
Cyd,A
Cyen,F
Cynara,F
Cyndi,F
Cynric,M
Cynthia,F
Cyntia,F
Cyprien,M
Cyrano,M
Cyrene,F
Cyril,M
Cyrilla,F
Cyrus,M
Cytheria,F
Dabria,F
Dacey,A
Daciano,M
Dacil,F
Dacio,M
Dadas,M
Dafna,F
Dafne,F
Dafrosa,F
Dag,M
Dagan,M
Dagma,F
Dagmar,F
Dagny,F
Dago,M
Dagoberto,M
Dahlia,F
Dai,F
Daian,M
Daiana,F
Daiara,F
Daien,M
Daila,F
Daimi,F
Daina,F
Daira,F
Daisy,F
Dakia,F
Dakota,A
Dalal,F
Dalan,M
Dale,A
Dalia,F
Dalila,F
Dalina,F
Dalinda,F
Dallas,A
Dalma,F
Dalmacio,M
Dalmira,F
Dalmiro,M
Dalton,M
Daly,M
Damalis,M
Damara,F
Damaris,F
Damasia,F
Damaso,M
Damek,M
Damen,M
Damian,M
Damiana,F
Damir,M
Damon,M
Dan,M
Dana,F
Danae,F
Danah,F
Dane,M
Danel,M
Danesa,F
Danett,F
Dani,F
Dania,F
Danica,F
Daniel,M
Daniela,F
Danielle,F
Danila,F
Danilo,M
Danimiro,M
Danisa,F
Danit,F
Danitza,F
Danko,M
Danna,F
Danny,M
Dante,M
Dantzel,F
Danya,F
Daphne,F
Dara,F
Darby,M
Darciel,M
Darcy,A
Dardo,M
Darek,M
Daren,M
Daria,F
Darian,M
Dariel,M
Darien,M
Darin,M
Dario,M
Darko,M
Darla,F
Darlene,F
Darnell,M
Darrel,M
Darren,M
Darrin,M
Darrion,M
Darryl,M
Darshan,M
Daryl,A
Dasha,F
Dasio,M
Dativa,F
Dativo,M
Dato,M
Davan,F
Dave,M
Davi,M
David,M
Davida,F
Davin,M
Davina,F
Davine,F
Davino,M
Davis,M
Davor,M
Dawn,F
Daya,F
De Aranzazu,F
De Dios,M
De Fatima,F
De Jesus,A
De la Cruz,A
De la Esperanza,F
De la Flor,F
De la Merced,A
De la Paz,A
De las Mercedes,A
De las Nieves,F
De los Angeles,F
De los Milagros,F
De Lourdes,F
De Lujan,A
Deacon,M
Dean,M
Deandra,F
Debbie,F
Debora,F
Deborah,F
Debra,F
Decio,M
Decker,M
Decoroso,M
Dedalo,M
Dee,F
Deian,M
Deianira,F
Deicola,M
Deidamia,F
Deka,F
Dekel,M
Del Carmen,A
Del Cielo,A
Del Corazon de Jesus,A
Del Mar,F
Del Milagro,A
Del Pilar,F
Del Rocio,A
Del Rosario,A
Del Sagr.C.de Jesus,A
Del Sagrado Corazón,A
Del Socorro,F
Del Sol,F
Del Solar,A
Del Valle,A
Delaney,F
Delano,M
Delbert,M
Deleandra,F
Delfin,M
Delfina,F
Delfino,M
Delfor,M
Delia,F
Delicia,F
Delila,F
Delilah,F
Della,F
Delma,F
Delphine,F
Delsie,F
Delsin,M
Delta,F
Delu,F
Delvis,F
Deman,M
Demetria,F
Demetrio,M
Demetrius,M
Demian,M
Democrito,M
Demofila,F
Demostenes,M
Dempsey,A
Dempster,M
Dena,F
Denice,F
Denis,M
Denisa,F
Denise,F
Denisse,F
Dennis,M
Denver,A
Denzel,M
Deogracia,F
Deogracias,M
Deolinda,F
Der,M
Derek,M
Derex,M
Derfuta,F
Derlis,M
Dermot,M
Derora,F
Derrick,M
Derry,M
Desi,M
Desiderio,M
Desiree,F
Desmond,M
Despina,F
Destiny,F
Deva,F
Deverell,A
Devi,F
Devin,A
Devlin,M
Devnet,M
Devon,A
Devorah,F
Devota,F
Dewey,M
Dexter,M
Deyanira,F
Dharma,F
Dharvinder,A
Dheera,M
Dhyan,M
Diadema,F
Diago,M
Diallo,M
Diamanta,F
Diamante,F
Diamela,F
Diana,F
Diane,F
Dianela,F
Dianella,F
Dianne,F
Dianthe,F
Diba,F
Dibe,F
Dick,M
Dictimio,M
Didier,M
Didimo,M
Didio,M
Diederik,M
Diego,M
Diella,F
Dieter,M
Digna,F
Dikran,M
Dilek,F
Dillan,M
Dillon,M
Dilys,F
Dimas,M
Dimitri,M
Dimpna,F
Dina,F
Dinah,F
Dino,M
Dinora,F
Dinorah,F
Dio,A
Diocleciano,M
Diocles,M
Diodoro,M
Diogenes,M
Diogo,M
Diomedes,M
Diomid,M
Diomira,F
Dion,M
Dionel,M
Dionisia,F
Dionisio,M
Dionne,F
Dionysus,M
Dior,F
Diorella,F
Dioscoro,M
Diosdado,M
Diosma,F
Dirck,M
Dirk,M
Disa,F
Disibodo,M
Dita,F
Diva,F
Divico,M
Divina,F
Divna,F
Dixie,M
Dixon,M
Dmitri,M
Doane,M
Dobry,M
Doelia,F
Dolce,M
Dolly,F
Dolores,F
Dom,M
Domenico,M
Domiciana,F
Domiciano,M
Domicio,M
Domingo,M
Dominic,M
Dominica,F
Dominick,M
Dominique,F
Domitila,F
Domiziana,F
Domma,F
Dommina,F
Domnion,M
Don,M
Dona,F
Donal,M
Donald,M
Donaldo,M
Donardo,M
Donat,M
Donata,F
Donatella,F
Donatien,M
Donatila,F
Donato,M
Donella,F
Donina,F
Donna,F
Donnelly,M
Donovan,M
Dora,F
Doralisa,F
Dorana,F
Dorcas,F
Dore,F
Doreen,F
Dorelia,F
Dorian,M
Dorie,F
Dorina,F
Dorinda,F
Doris,F
Dorla,F
Doron,M
Dorotea,F
Dorothea,F
Dorothy,F
Dory,A
Dorzong,M
Dositeo,M
Dougal,M
Douglas,M
Douglass,M
Dov,M
Dovber,M
Doyel,A
Doyle,M
Drake,M
Drazen,M
Drever,F
Drew,A
Drina,F
Droctoveo,M
Drogon,M
Drusila,F
Drusilla,F
Druso,M
Duam,A
Dubiel,M
Dudley,M
Duena,F
Duff,M
Dugan,M
Duglas,M
Duham,M
Duilio,M
Duka,F
Duke,M
Dula,F
Dulas,M
Dulce,F
Dulce Jesus,M
Dulce Maria,F
Dulcea,F
Dulcidio,M
Dulcinea,F
Dulio,M
Duman,M
Duncan,M
Dunia,F
Dunlop,M
Dunn,M
Dunstan,M
Dunstano,M
Durand,M
Dusan,M
Duscha,M
Dustin,M
Dustine,F
Dusty,M
Dutch,M
Dwayne,M
Dwight,M
Dyan,F
Dyani,F
Dylan,M
Dyllis,F
Dymas,M
Dymphna,F
Eadberto,M
Eadmundo,M
Eadoin,M
Ealsa,F
Eamon,M
Eanwinda,F
Earl,M
Eartha,F
Easter,F
Eaton,M
Eavan,A
Ebal,M
Ebele,F
Eber,F
Eberardo,M
Ebiciaro,M
Ebon,M
Ebony,F
Ebrulfo,M
Ece,F
Echo,F
Eciar,M
Eda,F
Edan,M
Edana,F
Edberto,M
Edburga,F
Edda,F
Eddie,A
Eddine,M
Edelba,F
Edelburga,F
Edelia,F
Edelina,F
Edeline,F
Edelira,F
Edelma,F
Edelmar,M
Edelmira,F
Edelmiro,M
Edeltruda,F
Edelvais,F
Edelweiss,F
Eden,A
Edena,F
Edesio,M
Edeso,M
Edgar,M
Edgarda,F
Edgardo,M
Edie,F
Edilberto,M
Edilburga,F
Edilia,F
Edilio,M
Edilma,F
Ediltrudis,F
Edipo,M
Edison,M
Edistio,M
Edit,F
Edita,F
Edith,F
Edlyn,A
Edmee,F
Edmundo,M
Edna,F
Edouard,M
Edria,F
Edsel,M
Edson,M
Eduarda,F
Eduardo,M
Edurne,F
Eduviges,F
Eduvigis,F
Eduvina,F
Edward,M
Edwardo,M
Edwin,M
Edwina,F
Edythe,F
Efebo,M
Effie,F
Efigenia,F
Efisio,M
Efraim,M
Efrain,M
Efrat,M
Efrath,F
Efrem,M
Efren,M
Egan,M
Egberto,M
Egduno,M
Egeo,M
Egidio,M
Egipciaca,F
Egisto,M
Egle,F
Egmidio,M
Egon,M
Eial,M
Eibe,M
Eiichi,M
Eileen,F
Eilene,F
Eimi,F
Einar,M
Einat,F
Eira,F
Eirene,F
Eitan,M
Eitel,M
Eithan,M
Ekaterina,F
Ela,F
Eladia,F
Eladio,M
Elaine,F
Elais,F
Elal,A
Elata,F
Elazar,M
Elba,F
Elbia,F
Elbio,M
Elcira,F
Elda,F
Elden,M
Eldon,M
Eldora,F
Elea,F
Eleana,F
Eleanor,F
Eleazar,M
Eleazaro,M
Electra,F
Elek,M
Elena,F
Eleni,F
Elenio,M
Eleno,M
Eleodoro,M
Eleonor,F
Eleonora,F
Eleora,F
Eleuteria,F
Eleuterio,M
Elfrida,F
Elhanan,M
Eli,M
Elia,F
Eliab,M
Eliahu,M
Eliam,M
Elian,M
Eliana,F
Eliane,F
Elias,M
Elicio,M
Elida,F
Elide,F
Elido,M
Elie,F
Eliecer,M
Eliel,M
Eliezer,M
Eligio,M
Elijah,M
Elilia,F
Elimelej,M
Elimenas,M
Elin,F
Elina,F
Elio,M
Eliot,M
Eliott,M
Elis,F
Elisa,F
Elisabet,F
Elisabeth,F
Elisabetta,F
Elisandro,M
Elise,F
Elisea,F
Elisenda,F
Eliseo,M
Elisheba,F
Elisheva,F
Elisio,M
Eliska,F
Elissa,F
Elita,F
Eliza,F
Elizabeth,F
Eljanan,M
Elka,F
Elkan,M
Elke,F
Ella,F
Ellema,F
Ellery,M
Ellie,F
Elliot,M
Ellis,A
Elma,F
Elmina,F
Elmo,M
Elodia,F
Elodie,F
Eloi,M
Eloisa,F
Eloise,F
Eloy,M
Elpidio,M
Elsa,F
Else,F
Elsio,M
Elsira,F
Elton,M
Elu,F
Eluhuei,A
Eluney,A
Elvia,F
Elvin,M
Elvina,F
Elvio,M
Elvira,F
Elvis,M
Ely,A
Elysia,F
Ema,F
Emanuel,M
Emanuela,F
Emanuele,M
Ember,F
Emelia,F
Emelie,F
Emelina,F
Emerald,F
Emerenciano,M
Emerio,M
Emerita,F
Emerson,M
Emery,M
Emeterio,M
Emi,F
Emigdio,M
Emil,M
Emilce,F
Emilda,F
Emilia,F
Emiliana,F
Emiliano,M
Emilie,F
Emilio,M
Emilse,F
Emily,F
Emir,M
Emiri,F
Emma,F
Emmanuel,M
Emmanuelle,F
Emmett,M
Emperatriz,F
Ena,F
Enadio,M
Enara,F
Encarnacion,F
Endora,F
Eneas,M
Enedina,F
Eneida,F
Enelsa,F
Eneo,M
Eneyen,A
Engelberto,M
Engracia,F
Enid,F
Enio,M
Ennata,F
Ennio,M
Ennis,M
Enoc,M
Enoch,M
Enodio,M
Enola,F
Enrica,F
Enrico,M
Enrique,M
Enriqueta,F
Enuel,M
Enya,F
Enyeto,M
Enzo,M
Eoin,M
Eolo,M
Ephraim,M
Epicuro,M
Epifania,F
Epifanio,M
Epigmeno,M
Epimaco,M
Epimenides,M
Epistema,F
Eraclio,M
Eranthe,F
Erardo,M
Erasma,F
Erasmo,M
Erasmus,M
Erastostenes,M
Erastus,M
Ercilia,F
Erebo,M
Erek,M
Ergasto,M
Erhard,M
Eric,M
Erica,F
Erich,M
Erico,M
Erik,M
Erika,F
Erin,F
Erina,F
Erland,M
Erlina,F
Erlinda,F
Erma,F
Ermelando,M
Ermelinda,F
Ermenilda,F
Ermin,F
Ermindo,M
Erminia,F
Ermino,M
Erminoldo,M
Erna,F
Ernaldo,M
Ernest,M
Ernestina,F
Ernestine,F
Ernesto,M
Ernie,M
Erno,M
Erol,M
Eros,M
Erostrato,M
Eroteida,F
Errol,M
Erskine,M
Ervaldo,M
Ervin,M
Ervina,F
Erwin,M
Eryn,F
Eryx,M
Esau,M
Escipion,M
Escolastica,F
Escubiculo,M
Esculapio,M
Esdras,M
Eshe,F
Esilda,F
Esio,M
Esiquio,M
Eslem,M
Esmeralda,F
Esmirna,F
Esmond,M
Esnel,M
Esopo,M
Especioso,M
Espen,M
Esperanza,F
Esperato,M
Espin,M
Espinolo,M
Espiridion,M
Espolono,M
Esquirion,M
Esra,M
Essie,F
Essien,M
Estanislao,M
Esteban,M
Estefania,F
Estefano,M
Estela,F
Estelle,F
Ester,F
Esther,F
Estibaliz,F
Estiliano,M
Estralita,F
Estraton,M
Estrella,F
Etana,F
Etania,F
Etbino,M
Eteberto,M
Etel,F
Etelberto,M
Etelca,F
Etelvina,F
Etelwoldo,M
Eterio,M
Etewa,A
Ethan,M
Ethana,F
Ethaniel,M
Ethel,F
Etienne,M
Etna,F
Eton,M
Etta,F
Etu,M
Eu Bin,M
Euberto,M
Eubulo,M
Eucario,M
Eucarpo,M
Euclides,M
Eudes,M
Eudocia,F
Eudora,F
Eudoro,M
Eudoxia,F
Eudoxio,M
Eufemia,F
Eufemio,M
Eufrasia,F
Eufrasio,M
Eufronio,M
Eufrosina,F
Eugene,M
Eugenia,F
Eugenio,M
Eukene,F
Eulalia,F
Eulalie,F
Eulalio,M
Eulogio,M
Eumelia,F
Eumenio,M
Eun Bin,M
Eunice,F
Euniciano,M
Euno,M
Eunomia,F
Eupilo,M
Euprepia,F
Euprepio,M
Euprepito,M
Eupsiquio,M
Euquerio,M
Eurico,M
Euridice,F
Euripides,M
Euro,M
Eusebia,F
Eusebio,M
Eusiquio,M
Eustacia,F
Eustacio,M
Eustaquio,M
Eustasio,M
Eustato,M
Eustelia,F
Eusterio,M
Eustoquia,F
Eustoquio,M
Eustorgio,M
Eustosio,M
Eustrato,M
Eustremonio,M
Euterpe,F
Eutimio,M
Eutiques,M
Eutiquiano,M
Eutiquio,M
Eutrapia,F
Eutrapio,M
Eutropia,F
Eutropio,M
Euvaldo,M
Eva,F
Evacsa,F
Evadne,F
Evagrio,M
Evan,M
Evana,F
Evander,M
Evando,M
Evangelina,F
Evangeline,F
Evangelino,M
Evangelista,M
Evans,M
Evanthe,F
Evaristo,M
Evasio,M
Eve,F
Evelia,F
Evelina,F
Eveline,F
Evelio,M
Evelyn,F
Evencio,M
Ever,M
Everardo,M
Everett,M
Evergisto,M
Evermodo,M
Everton,M
Evette,F
Evilasio,M
Evita,F
Evodio,M
Evonne,F
Evora,F
Evrardo,M
Evrulfo,M
Exaltacion,F
Exanto,M
Exequiel,M
Expectacion,F
Expedito,M
Exuperancia,F
Exuperancio,M
Exuperia,F
Exuperio,M
Eyal,M
Eyen,A
Eyota,F
Ezekiel,M
Ezequias,M
Ezequiel,M
Ezilda,F
Ezio,M
Ezra,M
Fabia,F
Fabian,M
Fabiana,F
Fabiano,M
Fabiela,F
Fabienne,F
Fabio,M
Fabiola,F
Fabriccio,M
Fabriciano,M
Fabricio,M
Fabrizio,M
Facundo,M
Fadrique,M
Fadua,F
Fady,M
Fagan,M
Fai,M
Fairfax,M
Fairuz,F
Faisal,M
Faith,F
Faizah,F
Fala,F
Falco,M
Falcon,M
Fallon,F
Fandilas,M
Fanny,F
Fantine,F
Fantino,M
Fara,F
Farah,F
Faraj,M
Faraon,M
Faren,F
Farica,F
Farid,M
Farida,F
Faris,M
Farisa,F
Farnacio,M
Faron,M
Farrah,F
Farrell,M
Fatima,F
Fatin,M
Fausta,F
Faustina,F
Faustine,F
Faustiniano,M
Faustino,M
Fausto,M
Favio,M
Fawn,F
Fawne,F
Faye,F
Fayina,F
Fazzio,M
Fe,F
Febadio,M
Febe,F
Febes,F
Febo,M
Febronio,M
Federica,F
Federico,M
Fedor,M
Fedora,F
Fedra,F
Feigue,F
Felcia,F
Felice,F
Felicia,F
Feliciano,M
Felicidad,F
Felicisima,F
Felicisimo,M
Felicitas,F
Felicite,F
Felicity,F
Felip,M
Felipa,F
Felipe,M
Felisa,F
Felix,M
Fennella,F
Fenton,M
Fequino,M
Ferdinand,M
Ferdinando,M
Fergal,M
Fergus,M
Fermin,M
Fermina,F
Fern,F
Fernan,M
Fernando,M
Feronia,F
Ferran,M
Ferreol,M
Ferreolo,M
Ferris,M
Ferrucio,M
Ferto,M
Fiacro,M
Fiamma,F
Fibiceo,M
Ficela,F
Fidel,M
Fidela,F
Fidelity,F
Fidenciano,M
Fidencio,M
Fidolo,M
Filadelfo,M
Filan,M
Filapiano,M
Filastro,M
Fileas,M
Filemon,M
Filia,F
Filiberto,M
Filindo,M
Filip,M
Filipa,F
Filipe,M
Filipo,M
Filippo,M
Filis,F
Filoctetes,M
Filogeno,M
Filomena,F
Filon,M
Filonila,F
Filotea,F
Filoteo,M
Filotero,M
Finiano,M
Finley,M
Finn,M
Finola,F
Fintano,M
Fiona,F
Fionn,M
Fionna,F
Fionnula,F
Fiorella,F
Fiorenza,F
Firman,M
Firmato,M
Firmiliano,M
Firmo,M
Firneo,M
Fisk,M
Fisseha,F
Fitzpatrick,M
Flaminia,F
Flaminio,M
Flann,M
Flannery,M
Flavia,F
Flavian,M
Flaviana,F
Flaviano,M
Flavina,F
Flavio,M
Fleta,F
Fletcher,M
Fleur,F
Flinn,M
Flor,F
Flor Maria,F
Flora,F
Floreal,M
Floreana,F
Florence,F
Florencia,F
Florencio,M
Florente,M
Florentina,F
Florentine,F
Florentino,M
Florestano,M
Floria,F
Florian,M
Floriana,F
Floriano,M
Florida,F
Florinda,F
Florindo,M
Florio,M
Floro,M
Flosculo,M
Floviano,M
Flower,F
Floyd,M
Flynn,M
Focas,M
Focio,M
Fola,F
Folco,M
Fonda,F
Forbes,M
Forest,M
Formerio,M
Forrest,M
Forrester,M
Fortuna,F
Fortunata,F
Fortunato,M
Foster,M
Fotina,F
Fotino,M
Fran,A
Franc.de Caracciolo,M
Franc.de Jeronimo,M
Franc.de Posadas,M
Franca,F
Francamarina,F
Frances,F
Francesca,F
Francesco,M
Francia,F
Francina,F
Francine,F
Francis,M
Francisca,F
Francisca Romana,F
Francisco,M
Francisco Colmenario,M
Francisco de Asis,M
Francisco de Borja,M
Francisco De Paula,M
Francisco de Regis,M
Francisco de Sales,M
Francisco Galvez,M
Francisco Javier,M
Francisco Solano,M
Francisco Titelman,M
Franco,M
Francois,M
Frank,M
Franka,F
Franklin,M
Frantxina,F
Franz,M
Frasier,M
Fraterno,M
Fraya,F
Fred,M
Freda,F
Frederick,M
Frederico,M
Frederik,M
Fredeswinda,F
Fremont,M
Fresia,F
Freya,F
Frick,M
Frida,F
Fridolino,M
Frieda,F
Friedrich,M
Frigidiano,M
Fritz,M
Fritzi,M
Froabuga,M
Froberto,M
Froilan,M
Fronton,M
Fructulo,M
Fructuosa,F
Fructuoso,M
Frumencio,M
Fu Yao,A
Fuad,M
Fubrado,M
Fucsia,F
Fulberto,M
Fulco,M
Fulgencio,M
Fulvia,F
Fulvio,M
Fumiko,F
Fursy,M
Fusca,F
Fuscienne,F
Fusiano,M
Gabe,M
Gabelo,M
Gabina,F
Gabino,M
Gabriel,M
Gabriela,F
Gabriella,F
Gabrielle,F
Gaby,A
Gad,M
Gada,F
Gadi,M
Gadiel,M
Gae,F
Gael,M
Gaelle,F
Gaetana,F
Gaetano,M
Gage,M
Gaia,F
Gail,F
Gaius,M
Gal,A
Gala,F
Galadriel,F
Galatea,F
Galdino,M
Gale,A
Galen,M
Galena,F
Galeno,M
Galgano,M
Gali,F
Galia,F
Galicano,M
Galileo,M
Galina,F
Galit,F
Gallagher,M
Galo,M
Galt,M
Galton,M
Galvin,M
Galya,F
Gamada,F
Gamal,M
Gamaliel,M
Gamble,M
Gamelberto,M
Gamliel,A
Gandolfo,M
Gandroso,M
Ganesa,F
Gangulfo,M
Ganimedes,M
Gannon,M
Garabed,M
Garbis,M
Gareth,M
Garibaldi,M
Garine,F
Garland,F
Garmet,F
Garo,M
Garret,M
Garrett,M
Garrick,M
Garridan,M
Garrison,M
Garry,M
Garson,M
Garth,M
Garwood,M
Gary,M
Gaspar,M
Gaston,M
Gaudencia,F
Gaudencio,M
Gauderico,M
Gaudioso,M
Gausberto,M
Gavin,M
Gavina,F
Gavrie,M
Gavriel,M
Gayane,F
Gayle,F
Gaylord,M
Gaynor,A
Gea,F
Geary,M
Gebhard,M
Gedeon,M
Gelasia,F
Gelasio,M
Gema,F
Gemelo,M
Gemina,F
Gemini,F
Geminiano,M
Gemino,M
Gemma,F
Gena,F
Genadio,M
Genara,F
Genaro,M
Genciano,M
Gene,M
Generosa,F
Generoso,M
Genesis,A
Genet,F
Geneva,F
Genevieve,F
Genna,F
Gennaro,M
Genoveva,F
Gento,M
Geoffrey,M
Geoffroy,M
Georg,M
George,M
Georges,M
Georgette,F
Georgia,F
Georgina,F
Geraint,M
Gerald,M
Geraldina,F
Geraldine,F
Geraldo,M
Gerard,M
Gerarda,F
Gerardesca,F
Gerardo,M
Gerasimo,M
Gerbrando,M
Gerda,F
Geremaro,M
Geremias,M
Geri,F
Gerik,M
Gerlac,M
Germain,M
Germaine,A
German,M
Germana,F
Germanico,M
Germano,M
Geroldo,M
Geroncio,M
Geronimo,M
Gerson,M
Gertrude,F
Gertrudis,F
Gervasio,M
Geseon,M
Gessica,F
Geva,F
Geza,M
Ghaliya,F
Ghislain,M
Ghislaine,F
Giacinta,F
Giacomo,M
Gian,M
Giancarla,F
Giancarlo,M
Gianella,F
Gianfranco,M
Gianina,F
Gianluca,M
Gianlucca,M
Gianmarco,M
Gianna,F
Gianni,M
Giannina,F
Gibson,M
Gigi,F
Gigliola,F
Gil,M
Gilana,F
Gilbert,M
Gilberta,F
Gilberte,F
Gilberto,M
Gilcerio,M
Gilda,F
Gildardo,M
Gildas,M
Gilen,M
Giles,M
Gillian,F
Gimena,F
Gina,F
Ginebra,F
Gines,M
Ginette,F
Ginger,F
Ginny,F
Gino,M
Ginton,M
Gioconda,F
Gioele,M
Gioia,F
Giona,F
Giorgia,F
Giorgina,F
Giorgio,M
Giovanna,F
Giovanni,M
Giraldo,M
Gisa,F
Gisberto,M
Gisela,F
Giselda,F
Gisele,F
Gisella,F
Giselle,F
Gislena,F
Gisleno,M
Gita,F
Gitana,F
Gitel,F
Githa,F
Gittel,F
Giulia,F
Giuliana,F
Giuliano,M
Giulietta,F
Giuseppe,M
Givon,M
Gladis,F
Gladys,F
Glafira,F
Glauco,A
Gleda,F
Glen,M
Glenda,F
Glenn,M
Glenna,F
Gliceria,F
Glicerio,M
Gloria,F
Glorialdo,M
Glory,F
Glynis,A
Goar,M
Goberto,M
Godana,M
Godeberta,F
Godescalco,M
Godfrey,M
Godiva,F
Godofredo,M
Golda,F
Goldie,F
Gomer,M
Gondulfo,M
Gontran,M
Gonzalo,M
Goran,M
Gordiano,M
Gordon,M
Gorgonia,F
Gorgonio,M
Gosvino,M
Gotardo,M
Govinda,M
Grace,F
Gracia,F
Graciana,F
Graciano,M
Gracias,F
Gracie,F
Graciela,F
Graciliano,M
Gradiva,F
Grady,M
Graham,M
Grainne,F
Gram,M
Granger,M
Grania,F
Grant,M
Granville,M
Grata,F
Gratiniano,M
Grato,M
Grayson,M
Grazia,F
Grear,F
Grecia,F
Greer,F
Greg,M
Greger,M
Gregg,M
Gregor,M
Gregorina,F
Gregorio,M
Gregory,M
Gremy,F
Gresham,M
Greta,F
Gretchen,F
Gretel,F
Gretta,F
Grette,F
Gricel,F
Griffin,M
Grimoaldo,M
Grimshaw,M
Grisel,F
Grisela,F
Griselda,F
Griswold,M
Grover,M
Guadalupe,F
Gualberto,M
Gualdemar,M
Gualterio,M
Gualtier,M
Guaraci,A
Guarino,M
Gudelia,F
Gudula,F
Guendalina,F
Güendalina,F
Guenevere,F
Guerrico,M
Gugorio,M
Guido,M
Guila,F
Guilad,M
Guilherme,M
Guillaume,M
Guillermina,F
Guillermo,M
Guimar,M
Guinevere,F
Guiomar,A
Guisell,F
Guitl,F
Guivorada,F
Gulmacio,M
Gulmen,M
Gulnara,F
Gumaro,M
Gumersindo,M
Gundelberto,M
Gundelina,F
Gundena,F
Guniforte,M
Gunnar,M
Guntero,M
Gunther,M
Guri,A
Gurio,M
Gus,M
Gustave,M
Gustavo,M
Guthlac,M
Guthrie,M
Guvendolina,F
Guy,M
Guyapi,M
Guzman,M
Gwen,F
Gwenda,F
Gwendolyn,F
Gwenole,M
Gwidon,M
Gwyn,F
Gwyneth,F
Gwynyber,F
Gypsy,F
Gytha,F
Haakon,M
Habib,M
Habiba,F
Habido,M
Habrilia,F
Hackett,M
Hada,F
Hadar,M
Hadara,F
Hadas,F
Hadasa,F
Hadassa,F
Hadassah,F
Hadden,M
Hadi,M
Hadiya,F
Hadley,A
Hadrian,M
Hadulfo,M
Hagan,M
Haian,M
Haidee,F
Haig,M
Haiko,M
Haines,M
Hakim,M
Halbert,M
Halden,M
Haldis,F
Hale,M
Halel,F
Haley,A
Hali,F
Halima,F
Halley,M
Hallie,F
Halona,F
Halsey,M
Ham,M
Hamal,M
Haman,M
Hamilton,M
Hamlet,M
Hamlin,M
Hampartsum,M
Hamza,M
Hana,F
Hanae,F
Hanan,F
Hania,F
Hank,M
Hanka,F
Hanna,F
Hannah,F
Hanne,F
Hans,M
Hansol,M
Hanzila,F
Hara,F
Harden,M
Hardouino,M
Hardy,M
Harel,M
Harith,M
Harkin,M
Harlan,M
Harley,A
Harman,M
Harmon,M
Harmony,F
Harold,M
Haroldo,M
Harper,M
Harriet,F
Harrison,M
Harry,M
Harsh,M
Hart,M
Hartley,A
Haru,F
Haruka,F
Harumi,F
Haruni,M
Harvey,M
Hasad,M
Hasna,F
Hassan,M
Hateya,F
Hattie,F
Hauk,M
Hava,F
Havencio,M
Haya,F
Haydee,F
Haydn,M
Hayes,A
Hayfa,F
Haylee,F
Hayley,F
Hazel,F
Hea,F
Heather,F
Heaton,M
Hebe,F
Heber,M
Heberto,M
Hector,M
Hecuba,F
Heda,M
Hedda,F
Hedia,F
Hedva,F
Hedwig,F
Hedy,F
Hedya,F
Hefziba,F
Hegesipo,M
Hei,F
Heidi,F
Heidy,F
Hekmat,M
Helda,F
Heldo,M
Heldrado,M
Helen,F
Helena,F
Helene,F
Helga,F
Heli,F
Helia,F
Heliana,F
Helio,M
Heliodoro,M
Heliogabalo,M
Helki,F
Helmut,M
Heloisa,F
Heloise,F
Helua,F
Helvecia,F
Helvecio,M
Helvetia,F
Helvia,F
Helvio,M
Hemilce,F
Hemilse,F
Henedina,F
Henning,A
Henoch,M
Henri,M
Henriatta,F
Henrik,M
Henry,M
Hera,F
Heraclea,F
Heracleos,M
Heraclio,M
Heraclito,M
Heraclo,M
Heraldo,M
Herb,M
Herbert,M
Herculano,M
Hercules,M
Heremon,M
Heriberto,M
Heridion,M
Heripsime,F
Hermagoras,M
Herman,M
Hermann,M
Hermelando,M
Hermelinda,F
Hermelindo,M
Hermenegilda,F
Hermenegildo,M
Hermes,M
Hermilo,M
Herminda,F
Herminia,F
Herminio,M
Hermipo,M
Hermocrates,M
Hermogenes,M
Hermogio,M
Hermosa,F
Hernan,M
Hernando,M
Hernani,M
Herodes,M
Herodoto,M
Heron,M
Heros,M
Herschel,M
Hersilia,F
Herundina,F
Herve,M
Hesiquio,M
Hesper,F
Hester,F
Hestia,F
Hezekiah,M
Hibah,M
Hibiscus,F
Hideki,M
Hidulfo,M
Higinio,M
Hikari,A
Hila,F
Hilah,F
Hilaire,F
Hilaria,F
Hilario,M
Hilarion,M
Hilda,F
Hilde,F
Hildebrando,M
Hildegarda,F
Hildegardis,F
Hildegunda,F
Hildelita,F
Hildemar,F
Hildemaro,M
Hilel,M
Hilen,F
Hili,F
Hillary,A
Hillel,M
Hilliard,M
Hilton,M
Hiltrudis,F
Himerio,M
Hinda,F
Hipacio,M
Hiparco,M
Hipatia,F
Hipocrates,M
Hipolito,M
Hiram,M
Hiran,M
Hiroaki,M
Hiroki,M
Hiromi,F
Hiroshi,M
Hiroyuki,M
Hisa,F
Hisae,F
Ho,M
Hodaia,F
Hodaya,F
Hodgson,M
Holden,M
Holley,F
Holli,F
Hollis,M
Holly,F
Holmes,M
Holt,M
Homer,M
Homero,M
Honesto,M
Honey,F
Honora,F
Honorata,F
Honorato,M
Honoria,F
Honorina,F
Honorio,M
Horace,M
Horacio,M
Hormisdas,M
Hortencio,M
Hortensia,F
Hortensio,M
Hortulano,M
Horus,M
Hosanna,F
Hosarsiph,M
Hosea,M
Hoshi,F
Hoshiko,F
Hospicio,M
Hossana,F
Houston,M
Howard,M
Howe,M
Howell,M
Huaman,M
Huapi,A
Huara,A
Huayra,A
Huber,M
Hubert,M
Huberta,F
Huberto,M
Huelen,A
Huemul,M
Hueneken,A
Huenu,A
Huerquen,A
Huey,M
Hugh,M
Hugo,M
Huilen,F
Humbaldo,M
Humbelina,F
Humberto,M
Humiliada,F
Humphrey,M
Hunter,M
Huntley,M
Hurley,M
Hussain,M
Huyana,F
Hyacinth,F
Hye,F
Hyman,M
Hyongnam,M
Hypatia,F
Hyun,M
Ia,F
Iaacob,M
Iacov,M
Iael,F
Iafa,F
Iago,M
Iain,M
Iair,M
Iamit,F
Ian,M
Iana,F
Ianella,F
Ianick,M
Ianina,F
Ianir,M
Ianis,M
Ianiv,M
Iannis,M
Ianthe,F
Iara,F
Iaser,M
Iavnela,F
Iazmin,F
Ibai,M
Ibar,M
Ibel,F
Iberico,M
Ibero,M
Ibi,F
Ibis,F
Ibrahim,M
Ibrahin,M
Icaro,M
Ichiro,M
Iciar,F
Ida,F
Idalia,F
Idalina,F
Idana,F
Ido,M
Idola,F
Idomeneo,M
Idonia,F
Iedidia,M
Ieesha,F
Iehiel,M
Iehuda,M
Iehudit,F
Ifigenia,F
Igal,M
Igashu,M
Iggi,M
Iggy,M
Ignacia,F
Ignacio,M
Ignat,M
Ignatius,M
Ignazio,M
Igor,M
Ik,A
Ike,M
Iker,M
Ilai,M
Ilan,M
Ilana,F
Ilanit,F
Ilaria,F
Ildar,M
Ildara,F
Ildefonso,M
Ildemar,M
Ileana,F
Ilia,F
Ilian,F
Iliana,F
Ilias,M
Ilich,M
Ilidio,M
Illampu,M
Illary,F
Illed,A
Ilona,F
Iluminada,F
Iluminado,M
Ilusha,M
Ilva,F
Ilve,F
Ilya,M
Iman,F
Imanol,M
Imelda,F
Imhotep,M
Imogene,F
Imperia,F
Imperio,F
Imul,M
Ina,F
Iñaki,M
Inan,A
Inaqui,A
Inca,M
Inda,F
Indalecio,M
Indes,F
India,A
Indiana,F
Indigo,F
Indio,M
Indira,F
Indra,F
Ines,F
Inez,F
Inga,F
Ingeno,M
Ingmar,M
Ingram,M
Ingrid,F
Inha,F
Iñigo,M
Inmaculada,F
Innis,M
Inocencio,M
Inti,A
Ioana,F
Ioannis,M
Ioav,M
Ioel,M
Iola,F
Iolana,F
Iolanthe,F
Ion,M
Iona,F
Ionatan,M
Ione,F
Ionit,F
Iorana,F
Iori,A
Iosef,M
Ioshua,M
Iracema,F
Iraida,F
Irana,F
Iratze,F
Irena,F
Irene,F
Ireneo,M
Iriel,F
Irina,F
Irinea,F
Iris,F
Irma,F
Irma de la Paz,F
Irmelin,F
Irmina,F
Iru,A
Irune,F
Irupe,F
Irving,M
Isaac,M
Isabel,F
Isabela,F
Isabella,F
Isabelle,F
Isabis,F
Isacar,M
Isachar,M
Isacio,M
Isadora,F
Isaiah,M
Isaias,M
Isaul,M
Isaura,F
Isauro,M
Isberga,F
Iselda,F
Iseo,M
Isha,F
Ishai,M
Ishaiahu,M
Isidora,F
Isidoro,M
Isidro,M
Isis,F
Isla,F
Isleta,F
Ismael,M
Ismenia,F
Isocrates,M
Isoke,F
Isolda,F
Isolde,F
Isolina,F
Isondu,F
Israel,M
Israela,F
Issa,M
Issay,M
Istu,M
Ita,F
Italo,M
Itamar,M
Itati,F
Ithel,M
Itiel,M
Itisuri,F
Ittamar,M
Ittay,M
Itzak,M
Itzel,F
Itziar,A
Itzjak,M
Itzjok,M
Iuri,M
Iuseff,M
Ivalú,A
Ivan,M
Ivana,F
Ivanka,F
Ivanna,F
Ivar,M
Ives,M
Ivo,M
Ivon,F
Ivonne,F
Ivory,F
Ivy,F
Iwan,M
Ixtebe,M
Iye,M
Iziar,A
Jaasiel,M
Jabari,M
Jabes,M
Jabilo,M
Jabir,M
Jacco,M
Jacinda,F
Jacinta,F
Jacinthe,F
Jacinto,M
Jack,M
Jackie,A
Jackson,M
Jaclyn,F
Jaco,M
Jacob,M
Jacoba,F
Jacobe,M
Jacobo,M
Jacquelina,F
Jacqueline,F
Jacques,M
Jacqui,F
Jacy,F
Jada,A
Jade,F
Jadon,M
Jadranka,F
Jadwige,F
Jadzia,F
Jaegar,M
Jael,F
Jaen,A
Jafar,M
Jafit,F
Jagger,M
Jaguit,F
Jahaziel,M
Jai,M
Jaia,F
Jaim,A
Jaime,M
Jaimie,F
Jaina,F
Jainen,A
Jair,M
Jairo,M
Jake,M
Jal,M
Jala,F
Jaled,M
Jalil,M
Jalila,F
Jamal,M
James,M
Jamie,A
Jamila,F
Jamilah,F
Jamiro,M
Jamison,M
Jan,M
Jana,F
Janaina,F
Janali,F
Janan,M
Janania,M
Jane,F
Janet,F
Janice,F
Janina,F
Janine,F
Janis,F
Janna,F
Janneth,F
Jano,M
Jantipo,M
Jaquelina,F
Jarah,M
Jardena,F
Jared,M
Jarek,M
Jari,F
Jarl,M
Jarno,M
Jaron,M
Jaroslav,M
Jarrett,M
Jarvis,M
Jasid,M
Jasmine,F
Jasna,F
Jason,M
Jasper,M
Jasury,F
Java,F
Javan,F
Javier,M
Javiera,F
Jay,A
Jaya,A
Jayag,M
Jaydi,F
Jayma,A
Jazmin,F
Jazmine,F
Jazz,F
Jean,M
Jean Luc,M
Jeanette,F
Jeanne,F
Jeannette,F
Jed,M
Jedfri,F
Jedidiah,M
Jedrek,M
Jedva,F
Jefferson,M
Jeffrey,M
Jehiel,M
Jelani,M
Jelena,F
Jemima,F
Jena,F
Jenara,F
Jenaro,M
Jenay,F
Jendayi,F
Jenifer,F
Jenna,F
Jennifer,F
Jenny,F
Jensine,F
Jeremiah,M
Jeremias,M
Jeremy,M
Jeri,F
Jeriah,M
Jerolin,M
Jerome,M
Jeronimo,M
Jerry,M
Jerusalen,F
Jerusha,F
Jerzy,A
Jesica,F
Jess,A
Jessamine,F
Jesse,A
Jessica,F
Jessie,F
Jesuana,F
Jesumina,F
Jesus,M
Jethro,M
Jeuel,M
Jewell,F
Jezabel,F
Jezebel,F
Jhonas,M
Jibril,M
Jill,F
Jillian,F
Jim,M
Jimena,F
Jimmy,M
Jimoh,M
Jin,F
Jinsok,M
Jinx,F
Jira,F
Jivin,M
Joad,M
Joakim,M
Joan,M
Joana,F
Joanicio,M
Joann,F
Joanna,F
Joanne,F
Joao,M
Joaquim,M
Joaquin,M
Joaquina,F
Joav,M
Job,M
Jobey,M
Jobina,F
Jocasta,F
Jocelyn,A
Jochen,M
Jodi,F
Jody,A
Joe,M
Joel,M
Joela,F
Joelle,F
Joelliane,F
Joey,M
Johana,F
Johann,M
Johanna,F
John,M
Johnny,M
Joia,F
Jokin,M
Jolan,F
Jolanta,F
Jolene,F
Jolie,F
Joline,F
Jon,M
Jonah,M
Jonas,M
Jonatan,M
Jonathan,M
Jonina,F
Jora,F
Jordan,M
Jordana,F
Jordane,F
Jordi,M
Jorell,M
Jorge,M
Jorgelina,F
Jorgen,M
Josafat,M
Joscio,M
Jose,M
Josef,M
Josefa,F
Josefina,F
Joselin,F
Joselina,F
Josemaria,M
Joseph,M
Josephina,F
Josephine,F
Josette,F
Josh,M
Joshua,M
Josiah,M
Josias,M
Josua,M
Josue,M
Jotham,M
Journey,F
Jova,F
Joviniano,M
Jovino,M
Jovita,F
Joy,F
Joyce,F
Jozeph,M
Jristos,M
Juan,M
Juan de Dios,M
Juana,F
Juana del Pilar,F
Juanita,F
Juano,M
Juanse,M
Jucunda,F
Jucundo,M
Judas,M
Judd,M
Jude,M
Judit,F
Judith,F
Judy,F
Juji,F
Julen,M
Jules,M
Julia,F
Julian,M
Juliana,F
Julianna,F
Julianne,F
Juliano,M
Julie,F
Julieta,F
Juliette,F
Julinka,F
Julio,M
Julisa,F
Julissa,F
July,A
Juma,M
Jumai,F
Jun,A
June,F
Junior,M
Juno,F
Jüre,M
Jürgen,M
Juri,M
Jurrien,M
Justa,F
Justin,M
Justina,F
Justine,F
Justiniano,M
Justino,M
Justise,F
Justo,M
Juvenal,M
Juvencio,M
Juveneo,M
Juventino,M
Juyoung,M
Kaatje,F
Kacey,F
Kachina,F
Kachine,F
Kacy,F
Kadar,M
Kadeem,M
Kadin,M
Kadir,M
Kado,M
Kaede,A
Kaela,F
Kaethe,F
Kai,M
Kaia,F
Kaiane,F
Kaikara,M
Kaiki,M
Kaila,F
Kailash,M
Kaili,M
Kaira,F
Kairos,F
Kaiser,M
Kala,F
Kalama,F
Kalani,M
Kalanit,F
Kalare,F
Kalb,M
Kale,M
Kalea,F
Kaled,M
Kalei,F
Kalen,A
Kalena,F
Kaley,F
Kali,F
Kalika,F
Kalil,M
Kalila,F
Kalinda,F
Kaliska,F
Kalkin,M
Kalli,F
Kalman,M
Kalonice,F
Kalya,F
Kalyca,F
Kama,F
Kamal,M
Kamala,F
Kameko,F
Kamena,F
Kamil,M
Kamila,F
Kamilah,F
Kamilia,F
Kandace,F
Kande,F
Kandice,F
Kane,M
Kanene,F
Kaniel,M
Kanika,F
Kanti,A
Kanya,F
Kaori,A
Kaoru,A
Kapono,M
Kapriel,A
Kara,F
Karan,M
Kareem,M
Karel,F
Karen,F
Karena,F
Karenina,F
Karibe,A
Karida,F
Karif,M
Karim,M
Karima,F
Karimah,F
Karin,F
Karina,F
Karine,F
Karis,F
Karl,M
Karla,F
Karli,F
Karma,F
Karol,M
Karolina,F
Karsten,M
Karumanta,A
Kasen,M
Kasi,F
Kasia,F
Kasib,M
Kasim,M
Kasinda,F
Kaspar,M
Kass,M
Kassia,F
Kassidy,F
Katarina,F
Kate,F
Kateb,M
Katelin,F
Katelyn,F
Katerina,F
Katharina,F
Katharine,F
Katherina,F
Katherine,F
Kathie,F
Kathleen,F
Kathrin,F
Katia,F
Katie,F
Katja,F
Katlyn,F
Katrien,F
Katrina,F
Katu,A
Katya,F
Katyana,F
Kaveri,F
Kavindra,F
Kay,A
Kaya,F
Kayla,F
Kaylee,F
Kayra,F
Kaysa,F
Kazuhiko,M
Kazuo,M
Keahi,M
Keane,M
Keanu,M
Keara,F
Kearney,M
Keaton,M
Keb,M
Kedar,M
Kedma,F
Keefe,M
Keelan,A
Keelie,F
Keelin,F
Keely,A
Keenan,M
Keene,M
Kefira,F
Kegan,M
Kei,F
Keigo,M
Keiichi,M
Keiji,M
Keiki,F
Keiko,F
Keila,F
Keili,F
Keir,M
Keira,F
Keisha,F
Keith,M
Kekipi,M
Kekona,F
Kelby,A
Kelda,F
Keli,M
Kelila,F
Kellan,M
Kellee,F
Kellen,M
Kelli,F
Kellie,F
Kelly,A
Kelman,M
Kelsey,A
Kelvin,M
Kemal,M
Kempton,M
Ken,M
Kenaan,A
Kenai,A
Kenaz,M
Kenda,F
Kendi,F
Kendra,F
Kendrick,M
Kenelm,M
Kenichi,M
Kenji,M
Kenley,M
Kenn,M
Kennard,M
Kennedy,A
Kenneth,M
Kennis,F
Kenny,M
Kensel,M
Kent,M
Kenta,M
Kentaro,M
Kenti,A
Kentigerno,M
Kenton,M
Kenya,F
Kenyi,M
Kenyon,M
Kenza,F
Kenzie,A
Kenzo,M
Keona,F
Kerbasi,M
Keren,F
Kermit,M
Kern,M
Kerr,M
Kerrick,M
Kerrin,F
Kerry,A
Kers,M
Kesare,F
Kesia,F
Kester,M
Keturah,F
Kevin,M
Kevina,F
Kevork,M
Kevyn,F
Keyvia,F
Khaled,M
Khalid,M
Khalidah,F
Khalil,M
Khalile,F
Khan,M
Kharis,F
Khoury,M
Kia,F
Kian,M
Kiana,F
Kiara,F
Kiden,F
Kiefer,M
Kiele,F
Kieran,M
Kiernan,M
Kiley,F
Kilian,F
Kiliano,M
Killa,A
Killay,A
Killian,M
Kim,A
Kimball,M
Kimberly,F
Kimey,A
Kimi,F
Kin,M
Kina,F
Kincaid,M
Kinen,A
Kinesburga,F
Kineswida,F
Kineta,F
King,A
Kinneret,F
Kinsey,A
Kintigerno,M
Kinton,M
Kioko,F
Kiona,F
Kioshi,M
Kipling,M
Kipp,M
Kira,F
Kiran,F
Kirby,M
Kirian,M
Kiriano,M
Kirk,M
Kirkwood,M
Kiros,M
Kirsten,F
Kirstina,F
Kisa,F
Kishi,F
Kiska,F
Kissa,F
Kita,F
Kitra,F
Kitty,F
Kiyomi,F
Kiyoshi,M
Kizzy,F
Klarissa,F
Klaus,M
Kleef,M
Knox,M
Koen,M
Kohana,F
Kohar,F
Koichi,M
Koko,F
Kolby,M
Kolina,F
Komstantin,M
Kona,F
Kong,M
Konstantin,M
Konstantinos,M
Koos,M
Kora,F
Koral,F
Korb,M
Koren,F
Kort,M
Kosey,M
Kospi,A
Koto,F
Krikor,M
Krischan,M
Krish,M
Krista,F
Kristen,F
Krister,M
Kristin,F
Kristina,F
Kristine,F
Krysia,F
Krystal,F
Kumar,M
Kumi,F
Kumiko,F
Küne,A
Kunti,F
Kuri,F
Kurt,M
Kusi,A
Kuyen,A
Kwanita,F
Kyara,F
Kyla,F
Kyle,M
Kyleigh,F
Kyler,M
Kylia,F
Kyna,F
Kyne,M
Kynthia,F
Kyoko,F
Kyra,F
Kyrene,F
Kyros,M
Laban,M
Labib,M
Lacey,F
Lacie,F
Lacy,F
Ladd,M
Ladio,M
Ladislao,M
Lael,F
Laercio,M
Laertes,M
Laetitia,F
Lahela,F
Lahila,F
Lahuen,A
lai,M
Laia,F
Laial,F
Laila,F
Laima,F
Lain,M
Laina,F
Lair,M
Laird,M
Lais,F
Lakshmi,F
Lal,M
Lala,F
Lalage,F
Lalasa,F
Lalita,F
Lamar,M
Lambert,M
Lamberto,M
Lamond,M
Lamont,M
Lan,F
Lance,M
Lancelot,M
Landelino,M
Lander,M
Landers,M
Landis,M
Landolfo,M
Landon,M
Landrada,M
Landry,M
Lane,A
Lanfranco,M
Lang,M
Langdon,M
Langley,M
Langston,M
Langundo,M
Lani,F
Lanin,A
Lanz,M
Lap,M
Lara,F
Laraine,F
Laramie,M
Lareina,F
Lari,F
Larina,F
Larisa,F
Larissa,F
Lark,F
Laron,M
Larrimore,M
Larry,M
Lars,M
Lasca,F
Lassie,F
Lastenia,F
Laszlo,M
Lateefah,F
Latif,M
Latife,F
Latika,F
Latimer,M
Latino,M
Latisha,F
Latona,F
Laudelina,F
Lauden,M
Laudoaldo,M
Laudomia,F
Laughlin,M
Laumer,M
Laura,F
Laurana,F
Laureana,F
Laureano,M
Lauren,F
Laurence,M
Laurencia,F
Laurencio,M
Laurent,M
Laurentino,M
Laurie,F
Laurinda,F
Laurindo,M
Lauro,M
Lautaro,M
LaValle,M
Laveda,F
Laverne,F
Lavina,F
Lavinia,F
Lawler,M
Lawrence,M
Laya,F
Layla,F
Lazara,F
Lazaro,M
Lazarus,M
Lea,F
Leah,F
Leander,M
Leandra,F
Leandro,M
Leanne,F
Lear,M
Learco,M
Leba,F
Lebian,M
Leda,F
Ledah,F
Ledicia,F
Lee,M
Leggett,M
Lei,M
Leia,F
Leib,M
Leibush,M
Leif,M
Leigh,A
Leiko,F
Leila,F
Leilani,F
Leire,F
Leivi,M
Leiza,F
Leland,M
Lelia,F
Lelica,F
Lelio,M
Lelis,F
Leliz,F
Lemuel,M
Len,M
Lena,F
Lencho,M
Lenda,F
Lene,F
Leneo,M
Lenis,F
Lenk,M
Lennart,M
Lennon,M
Lennor,M
Lennox,M
Lenny,M
Lenore,F
Lensar,M
Leo,M
Leobino,M
Leocadia,F
Leocricia,F
Leodegario,M
Leodowaldo,M
Leofrido,M
Leola,F
Leoma,F
Leon,M
Leona,F
Leonard,M
Leonarda,F
Leonardo,M
Leoncio,M
Leonel,M
Leonela,F
Leonelo,M
Leonidas,M
Leonides,M
Leonie,F
Leonila,F
Leonilda,F
Leonor,F
Leonora,F
Leontina,F
Leopardo,M
Leopold,M
Leopolda,F
Leopoldo,M
Leor,M
Leora,F
Leota,F
Leovigildo,M
Lerida,F
Leron,M
Leroy,M
Lesley,A
Leslie,A
Lessia,F
Lester,M
Letancio,M
Letha,F
Leticia,F
Letitia,F
Letizia,F
Leto,M
Leucio,M
Leuco,M
Leudomiro,M
Levana,F
Levi,M
Levia,F
Levina,F
Levon,M
Lewa,F
Lewana,F
Lewin,M
Lewis,M
Lexine,F
Leya,F
Leyla,F
Leylen,F
Li,A
Lia,F
Liadan,F
Liafdag,M
Liam,M
Lian,M
Liana,F
Liang,M
Liat,F
Libby,F
Libe,F
Libel,F
Liber,M
Libera,F
Liberato,M
Liberio,M
Libero,M
Libertad,F
Liberto,M
Liberty,F
Libia,F
Libio,M
Liborio,M
Librada,F
Licalel,A
Liceria,F
Licerio,M
Licia,F
Licina,F
Licinio,M
Licio,M
Licurgo,M
Lida,F
Lidia,F
Liduvina,F
Lie,M
Lien,F
Liesel,F
Lifardo,M
Lighuen,A
Ligia,F
Ligorio,M
Lihue,A
Lihuel,A
Lihuen,A
Liko,M
Lil,A
Lila,F
Lilac,F
Lilah,F
Lilaj,F
Lilen,F
Lilia,F
Lilian,F
Liliana,F
Lilina,F
Liliosa,F
Lilith,F
Lilli,F
Lillian,F
Lilo,F
Lily,F
Limay,A
Limber,F
Lin,F
Lina,F
Linc,M
Lincoln,M
Linda,F
Lindberg,M
Lindsay,A
Lindsey,A
Lindy,A
Linette,F
Linfred,M
Liniel,M
Linka,F
Linnea,F
Linneo,M
Lino,M
Linu,M
Linus,M
Lioba,F
Lion,M
Lionel,M
Lionela,F
Lior,M
Liora,F
Liria,F
Lirida,F
Lirit,F
Liron,M
Lis,F
Lisa,F
Lisana,F
Lisandro,M
Lisardo,M
Lisbet,F
Lise,F
Lisette,F
Lisi,F
Lisle,M
Lissa,F
Lisset,F
Lister,M
Liu,M
Liuba,F
Liv,F
Livia,F
Livino,M
Livio,M
Livvy,M
Liz,F
Liza,F
Lizbeth,F
Lizzy,F
Ljubo,M
Ljudmila,F
Llanca,A
Llancamil,A
LLanina,F
Llanque,A
Llanquetruz,M
Llewellyn,M
Lleyton,M
Lloyd,M
Loana,F
Lockhart,M
Logan,A
Loic,M
Loida,F
Lois,F
Lok,M
Lokelani,F
Lola,F
Lombard,M
Lona,F
London,M
Long,M
Longinos,M
Lonna,F
Lono,M
Lord,M
Lore,F
Lorea,F
Loreana,F
Loredana,F
Lorelei,F
Loreley,F
Lorena,F
Lorenza,F
Lorenzo,M
Loreta,F
Loreto,F
Loretta,F
Lori,F
Loriana,F
Lorinda,F
Loris,M
Lorna,F
Lorne,M
Lorraine,F
Loruhama,F
Lorujama,F
Lot,M
Lotario,M
Lotte,F
Lotus,F
Lou,M
Louis,M
Louisa,F
Louise,F
Lourdes,F
Love,F
Lovre,M
Lowell,M
Lua,F
Luan,A
Luana,F
Luano,M
Luba,F
Luc,M
Luca,M
Lucan,M
Lucano,M
Lucas,M
Lucca,M
Luccas,M
Lucciano,M
Luce,M
Lucelia,F
Lucena,F
Lucerito,F
Lucerne,F
Lucero,A
Luchino,M
Lucia,F
Lucian,M
Luciana,F
Luciano,M
Lucie,F
Lucien,M
Lucienne,F
Lucila,F
Lucile,F
Lucilla,F
Lucille,F
Lucina,F
Lucinda,F
Lucine,F
Lucio,M
Lucius,M
Lucky,M
Lucrecia,F
Lucretia,F
Lucy,F
Lucyna,F
Ludivina,F
Ludmila,F
Ludmilla,F
Ludovica,F
Ludovico,M
Ludwig,M
Ludwika,F
Luigi,M
Luis,M
Luis Gonzaga,M
Luisa,F
Luisana,F
Luise,F
Luisella,F
Luisina,F
Luiz,M
Luiza,F
Lujan,A
Luka,M
Lukas,M
Luke,M
Luken,M
Lukene,M
Lukina,F
Lulu,F
Lumila,F
Lumumba,M
Luna,F
Lunt,M
Lupe,F
Lupercio,M
Lupero,M
Lupicino,M
Lupita,F
Lupo,M
Lurdes,A
Lurentino,M
Lusin,F
Lusorio,M
Lutardo,M
Lutero,M
Lutfi,M
Lutgarda,F
Luther,M
Luvencio,M
Luvina,F
Luxmi,F
Luz,F
Luz Marina,F
Luzmila,F
Lydia,F
Lyla,F
Lyle,M
Lylon,F
Lyman,M
Lynch,M
Lynda,F
Lyndon,M
Lynette,F
Lynn,A
Lynne,F
Lyris,F
Lysander,M
Lysandra,F
Maaian,A
Maarten,M
Maartje,F
Maayan,F
Mabel,F
Mac,M
Macabeo,M
Macabeos,M
Macadam,M
Macallister,M
Macarena,F
Macaria,F
Macario,M
Macaulay,M
Mace,M
Macedonio,M
Machiko,F
Maciel,F
Mackenzie,F
Maclean,M
Maclovio,M
Macra,F
Macrina,F
Macrino,M
Macrobio,M
Mada,F
Maddie,F
Maddock,M
Maddox,M
Madelaine,F
Madeleine,F
Madeline,F
Madge,F
Madison,A
Madlen,F
Madonna,F
Madox,M
Madra,F
Madrona,F
Mady,F
Mae,F
Maeko,F
Mael,M
Maela,F
Maelia,F
Maelle,F
Maeve,F
Mafalda,F
Maga,F
Magali,F
Magan,F
Magda,F
Magdalen,F
Magdalena,F
Magdalene,F
Magdiel,A
Magela,F
Magena,F
Maggie,F
Magia,F
Magin,M
Magino,M
Maglorio,M
Magnerico,M
Magno,M
Magnolia,F
Magnus,M
Magumi,F
Maha,F
Mahala,F
Mahalia,F
Mahdis,F
Maheera,F
Mahesa,M
Mahir,M
Mahmoud,M
Mahoma,M
Mahon,M
Mai,F
Maia,F
Maialen,F
Maian,A
Maiara,F
Maiatza,F
Maica,F
Maico,M
Maida,F
Maik,M
Maika,F
Maike,F
Maila,F
Maile,F
Mailen,F
Mailin,A
Maille,F
Maimara,F
Maimuna,F
Mainque,A
Maira,F
Maire,F
Mairea,F
Mairena,F
Maisa,F
Maisha,F
Maisie,F
Maita,F
Maitane,F
Maite,F
Maiten,A
Maitena,F
Maitreya,A
Maitza,F
Maive,F
Maj,F
Majencio,M
Majo,F
Makala,F
Makena,F
Makenna,F
Makin,M
Makoto,M
Maku,A
Malaika,F
Malana,F
Malaquias,M
Malco,M
Malcolm,M
Malek,M
Malen,F
Malena,F
Malguen,F
Malia,F
Malik,M
Malina,F
Malinda,F
Malisa,F
Malka,F
Mallory,A
Malone,M
Malte,M
Malu,A
Malva,F
Malvina,F
Malvina Argentina,F
Mamelta,F
Mamertino,M
Mamerto,M
Mames,M
Mamila,M
Mamiliano,M
Man,M
Mana,F
Maña,F
Manahem,M
Manami,A
Manases,M
Mancio,M
Manda,F
Mandalo,M
Mandara,F
Mandek,M
Mandela,A
Mander,M
Mandisa,F
Mandy,F
Manea,M
Manel,M
Maneto,M
Manfamon,M
Manfredo,M
Mangena,F
Manlio,M
Manning,M
Manny,M
Manoli,F
Manolis,M
Manolo,M
Manon,F
Manque,A
Manrique,M
Mansi,F
Mansueto,M
Manu,M
Manuel,M
Manuela,F
Manuelita,F
Manuk,A
Manya,F
Mao,M
Mapalico,M
Mapril,M
Mar,A
Mara,F
Maral,F
Marana,F
Marat,M
Maravillas,F
Marc,M
Marcel,M
Marcela,F
Marceliano,M
Marcelina,F
Marcelino,M
Marcelo,M
Marcia,F
Marcial,M
Marciana,F
Marciano,M
Marcie,F
Marcio,M
Marco,M
Marcos,M
Marcus,M
Marcy,F
Mardario,M
Marden,M
Mardonio,M
Mardoqueo,M
Marek,M
Maren,F
Marga,F
Margalit,F
Margaret,F
Margarita,F
Margaux,F
Margot,F
Marguerite,F
Mari,F
Maria,F
Maria Angel,F
Maria Aranzazu,F
Maria Begoña,F
Maria Belen,F
Maria d.l.Concepcion,F
Maria d.l.Victorias,F
Maria d.t.los Santos,F
Maria de Aranzazu,F
Maria de Bego¤a,F
Maria de Begoña,F
Maria de Belen,F
Maria de Cinta,F
Maria de Fatima,F
Maria de Guadalupe,F
Maria de la Almudena,F
Maria de la Cerca,F
Maria de la Concepcion,F
Maria de la Cruz,F
Maria de la Gloria,F
Maria de la Gracia,F
Maria de la Macarena,F
Maria de la Merced,F
Maria de la O,F
Maria de la Paloma,F
Maria de la Paz,F
Maria de la Soledad,F
Maria de las Ermitas,F
Maria de las Gracias,F
Maria de las Nieves,F
Maria de Lourdes,F
Maria de Lujan,F
Maria de Montserrat,F
Maria de Nuria,F
Maria de todos los Santos,F
Maria del Consuelo,F
Maria del Huerto,F
Maria del Mar,F
Maria del Montserrat,F
Maria del Olvido,F
Maria del Pilar,F
Maria del Pino,F
Maria del Sol,F
Maria del Valle,F
Maria delos Milagros,F
Maria Fatima,F
Maria Gracia,F
Maria Guadalupe,F
Maria Inmaculada,F
Maria Jesus,F
Maria Jose,F
Maria Noel,F
Maria Nuria,F
Maria Olvido,F
Maria Sol,F
Mariah,F
Marialis,F
Mariam,F
Mariamar,F
Marian,F
Mariana,F
Marianel,F
Marianela,F
Marianella,F
Mariangel,F
Mariangela,F
Mariangeles,F
Marianina,F
Marianne,F
Mariano,M
Mariatu,F
Maribel,F
Maricel,F
Mariciel,F
Maricruz,F
Marie,F
Mariel,F
Mariela,F
Marien,F
Mariet,F
Marietta,F
Marife,F
Marigold,F
Marikena,F
Marilda,F
Marile,F
Marilein,F
Marilen,F
Marilena,F
Marilia,F
Marilin,F
Marilina,F
Marilisa,F
Marilu,F
Marilyn,F
Marin,M
Marina,F
Marine,F
Marinel,F
Marines,F
Marino,M
Mario,M
Marion,F
Mariposa,F
Mariquela,F
Mariquena,F
Maris,A
Marisa,F
Marisabel,F
Marisel,F
Marisela,F
Marisha,F
Marisol,F
Marissa,F
Marisu,F
Marite,F
Marjeta,F
Marjorie,F
Mark,M
Markar,M
Markham,M
Marko,M
Markus,M
Marla,F
Marland,M
Marlene,F
Marlin,M
Marlo,F
Marlon,M
Marlow,M
Marmara,F
Marnina,F
Maro,A
Marolo,M
Maron,M
Marotas,M
Marsala,F
Marselio,M
Marsha,F
Marta,F
Martha,F
Marti,A
Martin,M
Martina,F
Martiniano,M
Martino,M
Martir,M
Martirio,F
Marty,M
Maruan,M
Marutas,M
Marv,M
Marvel,F
Marvela,F
Marvin,M
Marwa,F
Mary,F
Marysol,F
Marziabo,M
Masada,F
Masahiro,M
Masalvio,M
Masami,A
Masao,M
Masculas,M
Masengu,F
Mashe,F
Mason,M
Masona,M
Massimiliano,M
Massimo,M
Matai,F
Matana,A
Mateo,M
Materno,M
Mathea,F
Matheo,M
Mather,M
Matheus,M
Mathias,M
Mathieu,M
Mathilda,F
Mathilde,F
Mati,M
Matias,M
Matilda,F
Matilde,F
Mato,M
Matrika,F
Matrona,F
Matroniano,M
Matt,M
Matteo,M
Matthew,M
Matthias,M
Matthieu,M
Mattia,M
Maturino,M
Maturo,M
Matusalen,M
Maude,F
Maura,F
Maureen,F
Maurelo,M
Maurice,M
Mauricio,M
Maurilio,M
Maurilo,M
Maurina,F
Maurino,M
Maurizio,M
Mauro,M
Mauve,F
Maverick,M
Mavi,F
Mavilo,M
Mavis,F
Max,M
Maxelinda,F
Maxim,M
Maxima,F
Maxime,M
Maximiano,M
Maximilian,M
Maximiliana,F
Maximiliano,M
Maximina,F
Maximino,M
Maximo,M
Maxine,F
Maxive,F
Maxwell,M
May,F
Maya,F
Mayari,F
Maycol,M
Mayda,F
Mayerly,F
Maylen,F
Maylis,F
Maynao,F
Maynard,M
Mayolo,M
Mayon,A
Mayorico,M
Mayra,F
Mayron,M
Mayte,F
Mayumi,F
Mazal,F
Mecenas,M
Mectildis,F
Meda,F
Medardo,M
Medea,F
Mederico,M
Medusa,F
Meg,F
Megan,F
Megara,F
Meggie,F
Meginardo,M
Megumi,F
Mehedi,F
Meher,F
Mei,F
Meinrado,M
Meir,M
Meira,F
Meirav,F
Meital,F
Meka,F
Mel,A
Melani,F
Melania,F
Melanie,F
Melanio,M
Melantha,F
Melany,F
Melas,M
Melasipo,M
Melba,F
Melchor,M
Mele,F
Meleagro,M
Melecio,M
Melen,A
Meleusipo,M
Melia,F
Melian,A
Melibea,F
Melik,M
Melin,A
Melina,F
Melinda,F
Meline,F
Melisa,F
Melisenda,F
Melissa,F
Melita,F
Melito,M
Meliton,M
Melitona,F
Melodie,F
Melody,F
Melosa,F
Melquiades,M
Melquisedec,M
Melusina,F
Melva,F
Melvin,M
Melvyn,M
Memnon,M
Memo,M
Menajem,M
Menalipo,M
Menandro,M
Menas,M
Mendel,M
Mendo Valle,M
Menedeuco,M
Menelao,M
Meneo,M
Mengoldo,M
Menigno,M
Menio,M
Menna,F
Mennas,M
Mennos,M
Menodora,F
Menodoro,M
Menqui,M
Menuje,F
Merari,A
Merced,F
Mercedes,F
Merceditas,F
Mercer,M
Mercia,F
Mercuria,F
Mercurial,M
Mercurio,M
Mercy,F
Meredith,A
Meriel,F
Merle,A
Merlin,M
Merlina,F
Merolino,M
Merrick,M
Merrill,M
Merry,F
Merulo,M
Merv,M
Mervin,M
Meryl,F
Mesalina,F
Mesha,M
Mesmino,M
Messina,F
Metelo,M
Metodio,M
Metran,M
Metrodora,F
Metrofanes,M
Metropio,M
Meulen,F
Meuris,M
Meyer,M
Mia,F
Micael,M
Micaela,F
Micaias,M
Mical,F
Michael,M
Michaela,F
Michay,M
Michel,M
Michela,F
Michele,M
Michelle,F
Michiko,F
Mick,M
Mickey,M
Micol,F
Midori,F
Mieke,F
Migdonio,M
Migina,F
Mignon,F
Miguel,M
Miguelina,F
Mihran,M
Mijael,M
Mijail,M
Mijal,F
Mika,A
Mikael,M
Mikaela,F
Mikaili,F
Mikel,M
Mikhail,M
Miki,F
Mikkel,M
Mila,F
Milagro,F
Milagros,F
Milan,M
Milay,F
Milburga,F
Milca,F
Milciades,M
Mildred,F
Milea,A
Milena,F
Milene,F
Milenia,F
Milenka,F
Miles,M
Mileva,F
Milforte,M
Milia,F
Miliani,F
Militina,F
Millan,M
Millante,F
Millaray,F
Millay,F
Millicent,F
Millie,F
Milo,M
Milos,M
Milton,M
Milva,F
Milwida,F
Mimi,F
Min,A
Mina,F
Minato,M
Minda,F
Mindy,F
Miner,M
Minerva,F
Minerviano,M
Minervo,M
Miniya,F
Minka,F
Minna,F
Minnie,F
Minotauro,M
Miqueas,A
Miqueo,M
Mira,F
Mirabel,F
Miranda,F
Mirari,F
Mireia,F
Mireille,F
Mirela,F
Mirella,F
Miren,F
Mirena,F
Mireya,F
Miriam,F
Mirian,F
Miriana,F
Mirielle,F
Mirjana,F
Mirko,M
Mirl,F
Mirla,F
Mirna,F
Mirocles,M
Miron,M
Miroslav,M
Mirra,F
Mirta,F
Mirtha,F
Miryam,F
Misael,M
Mishael,M
Mishcat,F
Misky,A
Misopio,M
Missy,F
Mistica,F
Misty,F
Mitch,M
Mitchel,M
Mitchell,M
Mitricio,M
Mitridates,M
Mitsumi,F
Mitzi,F
Miwa,F
Miya,F
Miyen,A
Miyuki,F
Moana,F
Mocha,F
Modesta,F
Modesto,M
Modesty,F
Modoaldo,M
Moesha,F
Mohamed,M
Mohammed,M
Moira,F
Moises,M
Moke,M
Molly,F
Mommolo,M
Mona,F
Monas,M
Moneguindis,M
Moneta,M
Monica,F
Monika,F
Monique,F
Monitor,M
Monon,M
Monroe,M
Monserrat,A
Montana,A
Montano,M
Montgomery,M
Montserrat,F
Monty,M
Mora,F
Morathi,M
Mordecai,M
Mordechai,M
Mordejai,M
Mordejay,M
Morela,F
Morella,F
Morena,F
Moreno,M
Morey,M
Morfeo,M
Morgan,A
Morgana,F
Morgance,F
Moria,F
Moriah,A
Moritz,M
Morna,F
Moro,M
Morosito,M
Moroti,A
Morris,M
Morrison,M
Mort,M
Mortimer,M
Morton,M
Morven,M
Moses,M
Moshe,M
Moswen,M
Mouna,F
Moussia,F
Moya,F
Mucio,M
Muhammad,M
Mukasa,M
Mummolino,M
Mumolo,M
Muna,F
Munay,A
Muñay,A
Munir,M
Munira,F
Murad,M
Murdoch,M
Muredac,M
Muriel,F
Murphey,A
Murphy,A
Murray,M
Mushka,F
Musidora,F
Muskaan,F
Musono,M
Mussa,M
Mustafa,M
Mustiola,M
Muti,M
Mychal,M
Mylene,F
Myles,M
Myoren,A
Myra,F
Myriam,F
Myrna,F
Myron,M
Myrtle,F
Naaman,M
Naara,F
Naavah,F
Nabil,M
Nabila,F
Nabor,M
Nabucodonosor,M
Nacira,F
Nadav,M
Nadia,F
Nadim,M
Nadin,A
Nadina,F
Nadine,F
Nadir,M
Nadira,F
Nador,M
Nadra,F
Nadyria,F
Naeem,M
Nagual,M
Nahair,F
Nahele,M
Nahia,F
Nahiara,F
Nahila,F
Nahima,F
Nahime,A
Nahir,F
Nahue,F
Nahuel,M
Nahum,M
Naia,F
Naiara,F
Nailah,F
Naillanka,F
Naim,M
Naima,F
Naimid,F
Naiquen,F
Nair,F
Naira,F
Nairi,F
Najat,F
Naji,M
Najul,M
Nakita,F
Nala,F
Nalani,F
Nale,A
Nalini,F
Nallib,M
Nallibe,F
Namer,M
Nami,F
Namie,F
Namir,A
Nan,F
Nana,F
Nancy,F
Nandor,M
Nanfanion,M
Nani,F
Nanine,F
Nantan,M
Naoki,M
Naoko,M
Naomi,F
Napea,F
Napier,M
Napoleon,M
Nara,F
Narayan,M
Narcisa,F
Narciso,M
Narcissa,F
Narela,F
Narella,F
Narelle,F
Narine,F
Narmada,F
Narno,M
Narses,M
Narumi,F
Narzal,M
Nascha,F
Naschel,A
Naseen,M
Naser,M
Nasha,A
Nasia,F
Nasim,M
Nasira,F
Nasser,M
Natacha,F
Natal,M
Natala,F
Natali,F
Natalia,F
Natalie,F
Natalin,F
Natalio,M
Nataly,F
Natalya,F
Natan,M
Natanael,M
Natane,F
Natanel,M
Nataniel,M
Natasha,F
Nate,M
Natesa,F
Nathalia,F
Nathalie,F
Nathan,M
Nathanel,M
Nathaniel,M
Natividad,F
Natsue,F
Natsumi,F
Nausica,F
Naval,M
Navarrete,M
Navarro,M
Navin,M
Nayadet,F
Nayat,F
Nayati,M
Nayeli,A
Nayib,M
Nayla,F
Nayme,F
Nayra,F
Nazarena,F
Nazareno,M
Nazaret,A
Nazareth,A
Nazaria,F
Nazario,M
Nazeli,F
Nazira,F
Nazzareno,M
Neal,M
Neala,F
Nebai,F
Nebrido,M
Neci,F
Nectario,M
Ned,M
Neda,F
Nedar,M
Nediva,F
Neely,M
Neena,F
Nefi,M
Neftali,F
Negüen,M
Nehemiah,M
Nehemias,M
Nehorai,M
Nehuel,M
Nehueln,A
Nehuen,M
Neiber,M
Neil,M
Neila,F
Nejama,F
Nejamá ,F
Nekane,F
Nela,F
Nelda,F
Nelia,F
Nelida,F
Nell,A
Nella,F
Nelly,F
Nelo,M
Nelson,M
Neltor,M
Nemesia,F
Nemesiano,M
Nemesio,M
Nemesis,F
Nemo,M
Nemorio,M
Nen,M
Nenet,F
Neofito,M
Neola,F
Neon,M
Neona,F
Neopolo,M
Nepomuceno,M
Neptune,M
Neptuno,M
Nerea,F
Nereida,F
Nereo,M
Neri,A
Neria,F
Nerina,F
Nerine,F
Nerissa,F
Nero,M
Neron,M
Nerses,M
Nessa,F
Nessan,M
Nesta,M
Nestor,M
Nestorio,M
Neta,F
Netali,F
Netanel,M
Netania,A
Nevada,A
Nevan,M
Nevenka,F
Neville,M
Nevin,M
Nevio,M
Newen,A
Newton,M
Neyen,M
Neysa,F
Niamh,F
Nibal,M
Nicandro,M
Nicanor,M
Nicasio,M
Niccolo,M
Niceas,M
Nicecio,M
Niceforo,M
Nicerata,F
Nicetas,M
Niceto,M
Nicholas,M
Nichole,F
Nick,M
Nicki,F
Nickolas,M
Nicodemo,M
Nicola,M
Nicolas,M
Nicolasa,F
Nicole,F
Nicoletta,F
Nicolette,F
Nicolina,F
Nicolo,M
Nicomedes,M
Nicon,M
Nicostrato,M
Nidgard,M
Nidia,F
Nielsin,F
Nien,M
Nieves,F
Nigel,M
Nika,A
Nike,A
Nikita,A
Nikki,A
Niklas,M
Niko,M
Nikolas,M
Nikolay,M
Nikolos,M
Nikos,M
Nila,F
Nilamon,M
Nilce,F
Nilda,F
Nilia,F
Nilo,M
Nils,M
Nimah,F
Nimai,M
Nimfa,F
Nimia,F
Nimsi,F
Nina,F
Ninfodora,F
Niniano,M
Nino,M
Ninon,F
Niobe,F
Nira,F
Nirit,F
Nirma,F
Nirvelli,F
Nisela,F
Nishan,F
Nisim,M
Nissa,F
Nissan,M
Nissim,M
Nita,F
Nitai,M
Nitara,F
Nitika,F
Nitzana,F
Nixie,F
Nizam,F
Noa,A
Noah,A
Noaldo,M
Noam,M
Noara,F
Nodin,M
Noe,M
Noel,A
Noelani,F
Noeli,F
Noelia,F
Noella,F
Noëlle,F
Noely,F
Noemi,F
Noha,M
Nohar,M
Nohien,A
Nokomis,F
Nola,F
Nolan,M
Nolasco,M
Nolberto,M
Noleta,F
Noma,F
Nominanda,F
Nomoso,M
Nonato,M
Nonia,F
Nontue,F
Nora,F
Norali,F
Norberta,F
Norberto,M
Noreen,F
Norell,F
Nori,F
Noriko,F
Noris,F
Norma,F
Norman,M
Normando,M
Norris,M
Norton,M
Nostriano,M
Notburga,F
Nothelmo,M
Notkero,M
Nour,F
Nova,F
Novato,M
Novella,F
Novia,F
Novid,M
ntonieta,F
Nubar,M
Nubia,F
Nuil,F
Numa,M
Numas,M
Numeriano,M
Numilen,A
Nuna,F
Nuncia,F
Nuncio,M
Nune,F
Nunilo,F
Nuno,M
Nur,F
Nuri,M
Nuria,F
Nuriel,A
Nurit,F
Nuriya,F
Nuru,A
Nusair,M
Nyako,F
Nydia,F
Nyeki,F
Nyle,M
Nyoko,F
Nysa,F
Nyssa,F
Nyx,F
Oakes,M
Oakley,M
Obadia,M
Obdulia,F
Obdulio,M
Obed,M
Obelia,F
Oberon,M
Obert,M
Oceana,F
Oceano,M
Octavia,F
Octaviano,M
Octavio,M
Oda,F
Odaia,F
Odara,A
Odeberto,M
Odel,F
Odele,F
Odelia,F
Odell,A
Odelsia,F
Odera,F
Odessa,F
Odetta,F
Odette,F
Odila,F
Odile,F
Odilia,F
Odilon,M
Odin,M
Odina,F
Odino,M
Odo,M
Odolf,M
Odon,M
Odran,M
Ofek,M
Ofelia,F
Ofer,M
Ofir,M
Ofira,F
Og,M
Ogden,M
Ohanko,M
Ohanna,F
Ojani,M
Oke,M
Okelani,F
Oki,F
Olaf,M
Olalla,F
Olathe,F
Olaya,F
Oleg,M
Olegario,M
Olena,F
Olesia,F
Oletha,F
Olga,F
Oliana,F
Olimpia,F
Olimpio,M
Olimpo,M
Olin,M
Olinda,F
Oliva,F
Olive,F
Oliver,M
Oliverio,M
Olivia,F
Olivier,M
Ollie,A
Olmo,A
Olwen,F
Olympia,F
Oma,F
Omar,M
Omega,F
Omer,M
Omri,M
Ona,F
Onan,M
Ondina,F
Oneida,F
Onelia,F
Onella,F
Onesiforo,M
Onesimo,M
Oni,F
Onida,F
Onkar,M
Onna,F
Onofre,M
Onora,F
Onslow,M
Onur,M
Oona,F
Opal,F
Ophelia,F
Oprah,F
Optaciano,M
Optato,M
Ora,F
Oralee,F
Oralie,F
Oran,M
Orane,M
Ordell,M
Orela,F
Oren,M
Orencio,M
Orenda,F
Orest,M
Orestes,M
Orfeo,M
Orfilia,F
Orga¤a,M
Ori,M
Oria,F
Orian,F
Oriana,F
Oriane,F
Orianna,F
Oriel,M
Orieta,F
Origenes,M
Oringo,M
Oriole,F
Orion,M
Orit,F
Orla,F
Orlando,M
Orlantha,F
Orleans,F
Orlee,F
Orli,F
Orly,A
Orma,F
Orman,M
Ormand,M
Ornela,F
Ornella,F
Oroncio,M
Orosia,F
Orosio,M
Orquidea,F
Orrin,M
Orsa,F
Orsen,M
Orsiesio,M
Orsin,M
Orson,M
Ortzi,M
Orville,M
Orvin,M
Osario,M
Oscar,M
Oseas,M
Osgood,M
Osher,M
Osias,M
Osiris,M
Osita,F
Osman,M
Osmar,M
Osmundo,M
Osorio,M
Osric,M
Ostiano,M
Osvaldo,M
Oswald,M
Oswaldo,M
Otadan,M
Othmaro,M
Otilia,F
Otilio,M
Otis,M
Oton,M
Otoniel,M
Otto,M
Ottokar,M
Ottone,M
Ova,F
Ovadia,M
Overton,M
Ovid,M
Ovidio,M
Owain,M
Owen,M
Oxana,F
Oyendo,M
Oz,A
Ozana,F
Oziel,M
Ozturk,M
Ozzie,M
Pabla,M
Pablo,M
Pace,M
Paciano,M
Paciencia,F
Paciente,M
Pacifico,M
Paco,M
Pacomio,M
Paddy,M
Pafnucio,M
Page,A
Paige,A
Paine,F
Painegour,A
Paki,M
Pakuna,F
Palaciata,F
Paladia,F
Paladio,M
Palash,M
Palatino,M
Palben,M
Palemon,M
Paleologo,M
Palesa,F
Pallas,M
Palma,M
Palmacio,M
Palmer,M
Palmiera,F
Palmira,F
Palmiro,M
Paloma,F
Palti,M
Pam,F
Pambon,M
Pamela,F
Pamelia,F
Pampa,A
Pampin,M
Panas,M
Pancario,M
Pancracio,M
Pandita,F
Pandora,F
Panfilo,M
Panphila,F
Pansalino,M
Pansy,F
Pantagapas,M
Pantaleon,M
Pantalo,M
Panteno,M
Panthea,F
Panya,F
Paola,F
Paolo,M
Papas,M
Papias,M
Papilo,M
Papina,F
Papiniano,M
Papio,M
Paragro,M
Paramesh,M
Paramon,M
Parana,A
Parca,F
Pardulfo,M
Paris,A
Parisio,M
Park,A
Parker,M
Parlan,M
Parmenas,M
Parmenio,M
Parnell,M
Parnucio,M
Parodio,M
Parrish,M
Parry,M
Parsceve,F
Partemio,M
Partemuto,M
Parthenios,M
Pascal,M
Pascale,F
Pascasia,F
Pascasio,M
Pascha,F
Pascua,F
Pascual,M
Pasha,F
Pasicrates,M
Pastol,M
Pastor,M
Pat,A
Patamon,M
Patapio,M
Paterio,M
Paterniano,M
Paterno,M
Patience,F
Patil,F
Patrice,A
Patricia,F
Patricio,M
Patrick,M
Patrobas,M
Patrocinio,M
Patroclo,M
Patsy,F
Patterson,M
Patton,M
Patty,A
Patxi,M
Pau,M
Paul,M
Paula,F
Paule,F
Paulette,F
Paulin,M
Paulina,F
Pauline,F
Paulino,M
Paulo,M
Paulos,M
Pausidio,M
Pausilipo,M
Pavel,M
Pavit,M
Pavla,F
Paxton,A
Payton,A
Paz,F
Pazia,F
Pe¤imel,A
Peace,F
Pearl,F
Peder,M
Pedro,M
Pedro Nolasco,M
Pegas,M
Pegaso,M
Pegeen,F
Peggy,F
Pehuen,M
Pelagia,F
Pelagio,M
Pelayo,M
Pelegrino,M
Peleo,M
Pelino,M
Pelope,M
Pelton,M
Pelusio,M
Pemba,F
Pembroke,M
Pemon,M
Penelope,F
Peninah,F
Peninna,F
Penley,M
Penn,M
Penney,F
Pennie,F
Penny,F
Penthea,F
Peony,F
Pepino,M
Perceval,M
Percival,M
Percy,M
Peregrino,M
Perfecto,M
Pergentino,M
Peri,F
Pericles,M
Perla,F
Perpedigna,F
Perpetua,F
Perpetuo,M
Perri,F
Perrin,M
Perry,M
Perseo,M
Perseveranda,F
Persis,F
Perth,M
Pervis,M
Peta,F
Pete,M
Peter,M
Petra,F
Petrarca,M
Petrona,F
Petronax,M
Petronila,F
Petronio,M
Petros,M
Petula,F
Petunia,F
Peverell,M
Peyo,M
Phaedra,F
Phedra,F
Phemia,F
Phil,M
Phila,F
Philana,F
Philander,M
Philine,F
Philip,M
Philippa,F
Philippe,M
Phillip,M
Philo,M
Philomena,F
Phoebe,F
Phoenix,A
Phylicia,F
Phyliss,F
Phyllis,F
Pia,F
Piato,M
Piedad,F
Piencia,F
Pier,A
Piera,F
Pierce,M
Pierina,F
Pierino,M
Pierio,M
Pierluigi,M
Piero,M
Pierre,M
Pierrette,F
Pierson,M
Pietra,F
Pietro,M
Pigmeno,M
Pilan,M
Pilar,F
Pilatos,M
Pillai,F
Pilmayquen,A
Pin,M
Pina,F
Pindaro,M
Pinito,M
Pio,M
Pionio,M
Piper,F
Piperion,M
Pipino,M
Piramo,M
Piren,A
Pirminio,M
Pirra,F
Pirro,M
Pitagoras,M
Pitias,M
Pitney,M
Piuque,A
Placida,F
Placido,M
Platon,M
Platonides,M
Plautila,F
Plauto,M
Pleasance,F
Plinio,M
Plutarco,M
Podio,M
Poliano,M
Policarpo,M
Policeto,M
Policromio,M
Policronio,M
Polidora,F
Polidoro,M
Poliecto,M
Polienetes,M
Polieneto,M
Poliero,M
Polifemo,M
Polimnia,F
Polinice,M
Polio,M
Polion,M
Polixena,F
Polly,F
Polo,M
Poloma,F
Polyeno,M
Pomona,F
Pompeo,M
Pompeya,F
Pompeyano,M
Pompeyo,M
Pompilio,M
Pomponio,M
Pomposa,F
Ponce,M
Ponciano,M
Poncio,M
Pontico,M
Poppon,M
Poppy,F
Porcario,M
Porciano,M
Porcio,M
Porfirio,M
Poria,F
Porsche,F
Porter,M
Portia,F
Posidio,M
Potamia,F
Potamiena,F
Potamio,M
Potenciana,F
Potenciano,M
Potino,M
Potito,M
Poyen,M
Praga,F
Pragnacio,M
Pratap,M
Praxedes,F
Preciosa,F
Prem,M
Prentice,M
Prescott,M
Presidio,M
Presley,M
Preston,M
Pretextato,M
Priamo,M
Priapo,M
Pricio,M
Prilidiano,M
Primavera,F
Primiano,M
Primitiva,F
Primitivo,M
Primo,M
Primrose,F
Princesa,F
Principio,M
Prinio,M
Prisca,F
Prisciano,M
Priscila,F
Prisciliano,M
Priscilla,F
Prisco,M
Privato,M
Priya,F
Proba,F
Probo,M
Proceso,M
Proclo,M
Procopia,F
Procopio,M
Procoro,M
Proctor,M
Proculo,M
Promaco,M
Prometeo,M
Prosdocia,F
Prosdocimo,M
Proserpina,F
Prospero,M
Protasia,F
Protasio,M
Proteo,M
Proterio,M
Proto,M
Protogeno,M
Protolico,M
Prudence,F
Prudencia,F
Prudenciana,F
Prudencio,M
Prue,F
Prunella,F
Pryce,M
Pryor,M
Psyche,F
Ptolomeo,M
Publia,F
Publio,M
Pulqueria,M
Pupulo,M
Pura,F
Purdy,M
Purificacion,F
Purity,F
Purna,F
Purva,A
Pusicio,M
Putnam,M
Pyralis,A
Pyrce,F
Pyrena,F
Pythia,F
Quadragesimo,M
Quarto,M
Queena,F
Queenie,F
Queila,F
Quella,F
Quenby,F
Quentin,M
Queremon,M
Querian,M
Querubin,M
Querubina,F
Quetzal,A
Quetzalcoatl,M
Quidel,F
Quiliano,M
Quilla,A
Quillan,M
Quillen,A
Quimey,A
Quinby,M
Quinciano,M
Quincino,M
Quincy,M
Quinidio,M
Quinlan,M
Quinn,A
Quinta,F
Quintila,M
Quintiliano,M
Quintilo,M
Quintin,M
Quintina,F
Quinto,M
Quionia,F
Quiriaco,M
Quirico,M
Quirino,M
Quirita,F
Quiteria,F
Quiterie,F
Rabab,F
Rabulas,M
Rachael,F
Rachel,F
Rachelle,F
Rachid,M
Rad,M
Radamento,M
Radames,M
Radcliffe,F
Radegunda,F
Radella,F
Radinka,F
Radley,M
Radman,M
Radmilla,F
Rae,F
Rafa,F
Rafael,M
Rafaela,F
Raffaella,F
Raffaello,M
Rafferty,M
Raffi,M
Rafi,M
Raghad,F
Rahman,M
Rahue,A
Raian,M
Raidis,M
Raidon,M
Raifroid,M
Raihue,A
Raimondo,M
Raimulfo,M
Raimund,M
Raimundo,M
Raina,F
Rainer,M
Rainerio,M
Rainey,A
Raiquen,M
Raisa,F
Raissa,F
Raizel,F
Raja,F
Rajamin,M
Rajel,F
Rakin,M
Raleigh,M
Ralph,M
Ralston,M
Ram,M
Rama,F
Ramiro,M
Ramlaf,F
Ramon,M
Ramses,M
Ramsey,M
Ramya,F
Ran,F
Rance,M
Rancul,M
Randall,A
Randie,A
Randolfo,M
Randolph,M
Randy,A
Rane,F
Ranen,M
Ranger,M
Rangle,M
Rani,F
Rania,F
Ranquel,M
Ranulfo,M
Raphael,M
Raphaela,F
Raquel,F
Raquildis,F
Rashid,M
Rashida,F
Rasia,F
Rasifo,M
Rasine,F
Ratbodo,M
Ratri,F
Raul,M
Raulina,F
Raulino,M
Raven,M
Ravi,M
Ravid,M
Rawdon,M
Rawnie,F
Ray,M
Rayburn,M
Rayen,A
Rayhan,M
Raylen,F
Raymi,M
Raymond,M
Rayna,F
Raynor,M
Razi,M
Razia,F
Raziya,F
Rea,F
Read,M
Reade,M
Reagan,M
Reba,F
Rebeca,F
Rebecca,F
Rebekah,F
Rebi,F
Red,A
Redemepto,M
Redenta,F
Redford,M
Redmond,M
Reed,M
Reese,M
Reeve,M
Refael,M
Regan,M
Reggie,M
Regina,F
Reginald,M
Reginaldo,M
Regine,F
Regino,M
Regis,M
Regulo,M
Rei,F
Reidun,F
Reiji,M
Reilly,M
Reina,F
Reinaldo,M
Reineldis,F
Reinoldo,M
Remberto,M
Remedios,F
Remes,M
Remigio,M
Remington,M
Remo,M
Remus,M
Remy,A
Rena,F
Renaldo,M
Renata,F
Renate,F
Renato,M
Rendor,M
Rene,M
Renee,F
Renita,F
Renny,A
Reno,M
Renovato,M
Renzo,M
Reparada,F
Resham,A
Respicio,M
Restituta,F
Restituto,M
Reth,M
Reticio,M
Reuben,M
Reuven,M
Reva,F
Revelin,M
Reveriano,M
Revocata,F
Revocato,M
Rex,M
Rey,M
Reyes,A
Reyhan,F
Reynaldo,M
Reynard,M
Reynold,M
Rez,M
Rhea,F
Rheann,F
Rheanna,F
Rhett,M
Rhiamon,F
Rhiannon,F
Rhoda,F
Rhodanthe,F
Rhode,F
Rhona,F
Rhonda,F
Rhys,M
Ria,F
Riane,M
Ribca,F
Ribka,F
Ricarda,F
Ricardo,M
Richard,M
Richelle,F
Rick,M
Rickie,F
Rida,F
Rider,M
Ridgley,M
Rigby,M
Rigel,A
Rigoberto,M
Rihana,F
Rihito,M
Riley,A
Rimca,F
Rimon,M
Rina,F
Rinaldo,M
Ringo,M
Rio,M
Riona,F
Riordan,M
Ripsima,F
Rishi,M
Risia,F
Rita,F
Ritter,M
Riva,F
River,A
Rivka,F
Robert,M
Roberta,F
Robertina,F
Robertino,M
Roberto,M
Robi,F
Robin,A
Robine,F
Robinson,M
Robustiano,M
Robyn,F
Rocco,M
Rochelle,F
Rocio,F
Rocio de Luna,F
Rocio del Cielo,F
Rock,M
Rockwell,M
Rocky,M
Rod,M
Roddy,M
Roderick,M
Rodipo,M
Rodman,M
Rodnney,M
Rodobaldo,M
Rodolfo,M
Rodopiano,M
Rodrigo,M
Rogaciano,M
Rogato,M
Rogelio,M
Roger,M
Rohana,F
Rohit,M
Roi,M
Roland,M
Rolanda,F
Rolando,M
Roldan,M
Rolf,M
Roma,F
Romaine,F
Roman,M
Romana,F
Romane,F
Romanela,F
Romanella,F
Romano,M
Romarico,M
Romario,M
Romeli,F
Romelia,F
Romeo,M
Romilda,F
Romildo,M
Romina,F
Romola,F
Romualdo,M
Romula,F
Romulo,M
Romulus,M
Ron,M
Rona,F
Ronald,M
Ronan,M
Ronat,M
Rondel,M
Ronel,M
Ronen,M
Roni,M
Ronit,A
Ronli,F
Ronn,M
Ronnie,M
Rooney,M
Roosevelt,M
Roque,M
Roquina,F
Rori,F
Rory,A
Rosa,F
Rosa de Lima,F
Rosabel,F
Rosalba,F
Rosali,F
Rosalia,F
Rosalina,F
Rosalind,F
Rosalinda,F
Rosamunda,F
Rosana,F
Rosangela,F
Rosanne,F
Rosario,F
Rosaura,F
Roscoe,M
Rose,F
Roseanne,F
Rosella,F
Rosemary,F
Rosendo,M
Rosetta,F
Rosi,F
Rosiberica,F
Rosicler,F
Rosina,F
Rosine,F
Rosio,M
Rosmari,F
Ross,M
Rosula,M
Roth,M
Rowena,F
Roxana,F
Roxanne,F
Roxina,F
Roxy,F
Roy,M
Royce,M
Ruben,M
Rubi,F
Rubina,F
Rubria,F
Ruby,F
Rudd,M
Rudesindo,M
Rudi,M
Rudolf,M
Rudolfo,M
Rudolph,M
Rudra,F
Rudy,M
Rue,F
Ruff,M
Rufil,M
Rufina,F
Rufiniano,M
Rufino,M
Rufo,M
Rujama,F
Rumer,F
Rumoldo,M
Runa,F
Runako,M
Rune,M
Rupay,M
Rupert,M
Ruperto,M
Rush,M
Ruskin,M
Russ,M
Russell,M
Russom,M
Rusti,F
Rustica,F
Rustico,M
Rusty,M
Rut,F
Ruth,F
Rutha,F
Rutilio,M
Rutilo,M
Rutulo,M
Ruy,M
Ruysbrockio,M
Ryan,M
Ryanne,A
Ryba,F
Rye,M
Rylan,M
Rylee,F
Rylie,M
Ryu,A
Ryuichi,M
Ryuji,M
Saagar,M
Saba,F
Sabacio,M
Sabas,M
Sabel,M
Sabi,F
Sabina,F
Sabine,F
Sabiniano,M
Sabino,M
Sabirah,F
Sabra,F
Sabrina,F
Saburo,M
Sacerdote,M
Sacha,M
Sachi,F
Sade,F
Sadi,M
Sadie,F
Sadirar,F
Sadler,M
Sadoc,M
Sadoth,M
Safara,F
Saffi,F
Safford,M
Saffron,F
Safina,F
Safira,F
Safiya,F
Safo,F
Sagar,M
Sagara,A
Sage,F
Sahale,M
Sahara,F
Sahen,M
Sahir,M
Sahira,F
Said,M
Saiguen,A
Sakari,F
Sakti,F
Sakura,F
Salaberga,F
Salamon,M
Salem,M
Salena,F
Salene,F
Salih,M
Salim,M
Salimah,F
Salina,F
Sally,F
Salma,F
Saloman,M
Salome,F
Salomon,M
Saloua,F
Salton,M
Salustiano,M
Salustio,M
Salvador,M
Salvadora,F
Salvatore,M
Salvia,F
Salviana,F
Salviano,M
Salvina,F
Salvino,M
Salvio,M
Sam,M
Samanta,F
Samantha,F
Samar,F
Samara,F
Samay,F
Sami,M
Samien,M
Samir,M
Samira,F
Samirah,F
Sammon,M
Samonas,M
Samson,M
Samuel,M
Sana,F
Sanat,M
Sancha,F
Sancho,M
Sancia,F
Sandalio,M
Sandalo,M
Sanders,M
Sandi,F
Sandia,F
Sandon,M
Sandor,M
Sandra,F
Sandrine,F
Sandro,M
Sandy,A
Sandya,F
Sanford,M
Sanson,M
Santana,M
Santeno,M
Santiago,M
Santina,F
Santino,M
Santo,M
Santos,M
Santosh,M
Sapphire,F
Sara,F
Sará ,F
Sarah,F
Sarai,F
Saree,F
Sargent,M
Sari,F
Sarifi,F
Sarina,F
Sarisha,F
Sarkis,M
Sarmatas,M
Sarngin,M
Saro,M
Sarojing,M
Sasha,A
Sashenka,M
Saskia,F
Sasson,M
Sathya,F
Satin,F
Satinka,F
Satiro,M
Satoshi,M
Satu,F
Saturiano,M
Saturino,M
Saturio,M
Saturnina,F
Saturnino,M
Saturo,M
Sauken,A
Saul,M
Saula,F
Saulo,M
Saunders,M
Savanna,F
Savannah,F
Saverio,M
Sawyer,M
Saxon,M
Sayen,F
Sayer,M
Sayi,F
Sayra,F
Sayumi,A
Sayuri,F
Scarlet,F
Scarlett,F
Schafer,M
Scheherezada,F
Scherin,F
Scott,M
Seamus,M
Sean,M
Searle,M
Seba,M
Sebasten,M
Sebastian,M
Sebastiana,F
Sebastien,M
Secino,M
Secuano,M
Secunda,F
Secundario,M
Secundiano,M
Secundina,F
Secundino,M
Secundo,M
Secundulo,M
Securo,M
Seda,F
Sedofo,M
Sedric,M
Seeley,M
Seema,F
Sefora,F
Sefton,M
Segismundo,M
Segunda,F
Segundo,M
Seibert,M
Seif,M
Sein,M
Seint,M
Sela,A
Selena,F
Selene,F
Selesio,M
Seleuco,M
Selia,F
Selim,M
Selima,F
Selina,F
Selma,F
Selva,F
Sem,M
Sema,F
Semele,F
Semira,F
Semiramis,F
Sen,M
Senador,M
Senalda,F
Senan,M
Senco,M
Seneca,M
Senen,M
Sener,M
Senior,M
Senon,M
Senorina,F
Senta,F
Septimia,F
Septimio,M
Septimo,M
Serafin,M
Serafina,F
Seraj,F
Serapia,F
Serapion,M
Serena,F
Serenela,F
Sereno,M
Serge,M
Sergi,M
Sergio,M
Serilda,F
Serlon,M
Serotina,F
Servacio,M
Servando,M
Serviliano,M
Servilio,M
Servio,M
Servo,M
Servodei,M
Servodeo,M
Servulo,M
Serwa,F
Set,M
Seth,M
Sethan,M
Severa,F
Severiano,M
Severin,M
Severina,F
Severino,M
Severo,M
Seviliano,M
Sevilin,M
Sewoldo,M
Seyithan,M
Seymour,M
Seyoung,F
Shadi,A
Shadia,F
Shadwell,M
Shai,M
Shaiel,F
Shaiming,M
Shaine,F
Shair,M
Shajar,F
Shake,F
Shakira,F
Shalom,M
Shalya,M
Shami,F
Shamir,M
Shamira,F
Shamus,M
Shana,F
Shanahan,M
Shanata,F
Shandy,A
Shane,M
Shanelle,F
Shani,F
Shania,F
Shanley,M
Shannon,A
Shantal,F
Shantay,F
Shanti,M
Shaqueel,M
Shaquile,M
Sharbat,A
Shari,F
Sharif,M
Sharman,F
Sharon,A
Shattuck,M
Shaul,M
Shaun,M
Shaver,M
Shavonne,F
Shaw,M
Shawn,A
Shawna,F
Shayen,A
Shayna,F
Shayndel,F
Shea,A
Sheba,F
Sheehan,M
Sheena,F
Sheffield,M
Sheila,F
Sheina,F
Shekel,M
Shela,F
Shelby,A
Sheldon,M
Sheli,F
Shelley,A
Shelly,A
Shelomo,M
Shelton,M
Shem,M
Shen,M
Sheridon,M
Sherlock,M
Sherrod,M
Sherry,F
Sherwood,M
Shifra,F
Shika,F
Shimon,M
Shin,A
Shina,F
Shinboku,M
Shing,M
Shinichi,M
Shinji,M
Shino,F
Shinya,M
Shira,F
Shirel,F
Shiri,F
Shirley,F
Shirly,F
Shiro,M
Shiva,M
Shivani,A
Shlomo,M
Shmuel,M
Shneur,M
Shoam,F
Sholem,M
Shoshana,F
Shoshanah,F
Shterna,F
Shulamit,F
Shulinen,F
Shunnar,M
Siagria,F
Siagrio,M
Siamara,F
Sibila,F
Sibilina,F
Sibley,A
Sibyl,F
Sibyla,F
Sicio,M
Sico,M
Sid,M
Sidney,A
Sidonia,F
Sidonio,M
Sidronio,M
Siena,A
Sienna,F
Siervo,M
Sigal,F
Sigalit,F
Sigeberto,M
Sigefrido,M
Sigfrido,M
Sigisbaldo,M
Siglinda,F
Sigourney,F
Sigrada,F
Sigrid,F
Sila,F
Silas,M
Silene,F
Sileno,M
Silo,M
Silva,F
Silvana,F
Silvano,M
Silver,A
Silveria,F
Silverio,M
Silvestre,M
Silvia,F
Silvina,F
Silvina dl Guadalupe,F
Silvino,M
Silvio,M
Sima,F
Simaco,M
Simberto,M
Simblino,M
Simcha,F
Simeon,M
Simitrio,M
Simja,F
Simms,M
Simon,M
Simona,F
Simone,F
Simonides,M
Simpliciano,M
Simplicio,M
Sinara,F
Sinclair,M
Sincletica,F
Sindino,M
Sindulfo,M
Sinead,F
Sinesio,M
Sinforiano,M
Sinforosa,F
Sinfronio,M
Singh,M
Sintiques,F
Siobhan,F
Siomara,F
Sion,A
Sira,F
Siria,F
Siricio,M
Siridion,M
Sirio,M
Siro,M
Siroun,F
Sirun,F
Sisebuto,M
Sisenando,M
Sisinio,M
Sissy,F
Sistina,F
Sitara,F
Siv,F
Sivan,M
Sive,F
Siviardo,M
Sixta,F
Sixtine,F
Sixto,M
Skipper,M
Skule,M
Skyle,A
Skyler,A
Slade,M
Slater,M
Slavica,F
Slevin,M
Sloan,A
Sloane,A
Smith,M
Sobel,M
Socorro,F
Socrates,M
Sofia,F
Sofiel,M
Sofocles,M
Sofonias,M
Sofronio,M
Soi,A
Soka,F
Sol,F
Sol de,F
Solana,F
Solange,F
Solano,M
Solcire,A
Soledad,F
Soleil,F
Solemnio,M
Soliano,M
Solident,M
Solita,F
Solocano,M
Solomon,M
Solutor,M
Solvejg,F
Somy,F
Son,M
Sonacio,M
Sonia,F
Sonsoles,F
Sonthaya,M
Sonya,F
Soo,M
Sopatra,F
Sophia,F
Sophie,F
Sophronia,F
Sophya,F
Sora,F
Soraya,F
Sorcha,F
Sorel,M
Sosé,F
Sosio,M
Sosipatro,M
Sosteneo,M
Sostenes,M
Sotera,F
Soterios,M
Sotero,M
Sozonte,M
Spalding,M
Spe,M
Spencer,M
Spica,F
Spiro,M
Spiros,M
Stacey,A
Stacia,F
Stacy,A
Stamos,M
Stan,M
Stanislas,M
Stanislaus,M
Stanislav,M
Stanislawa,M
Stanley,M
Staquis,M
Star,F
Stasio,M
Stavros,M
Steel,M
Steen,M
Stefan,M
Stefani,F
Stefania,F
Stefanie,F
Stefano,M
Steffi,F
Steffie,F
Stella,F
Stella Maris,F
Stephan,M
Stephanie,F
Stephen,M
Stephenie,F
Sterina,F
Sterling,A
Stern,M
Steve,M
Steven,M
Stevie,A
Stewart,M
Stiriaco,M
Strom,M
Stuart,M
Sturno,M
Stylianos,M
Suanne,F
Suceso,M
Sudan,M
Suintino,M
Suitberto,M
Suki,F
Suleidy,F
Sullivan,M
Sully,M
Sulpicio,M
Sultana,F
Sumaia,F
Sumaj,M
Sumi,F
Sumie,F
Summer,F
Summit,A
Sumner,M
Sun,M
Sundeep,M
Superio,M
Surai,A
Surak,A
Surano,M
Suray,F
Suri,F
Susan,F
Susana,F
Susanna,F
Susannah,F
Susima,F
Sutherland,M
Sutton,M
Suwan,M
Suyai,A
Suyay,A
Suzanne,F
Suzette,F
Sven,M
Svend,M
Svetlana,F
Swain,M
Swaley,M
Sweeney,M
Sybil,F
Sydelle,F
Sydney,F
Syed,M
Sying,M
Sylvester,M
Sylvia,F
Sylvie,F
Symon,M
Syna,F
Syshe,M
Szaffir,M
Taamson,M
Tab,M
Tabare,M
Tabari,M
Tabata,F
Tabatha,F
Tabina,F
Tabitha,F
Taci,F
Taciana,F
Taciano,M
Tacion,M
Tacita,F
Tacito,M
Tacuabe,M
Tadas,M
Tadashi,M
Taddeo,M
Tadeo,M
Tadeu,M
Tadeusz,M
Tadi,M
Tae Ry,A
Taffi,A
Taft,M
Tage,M
Taggart,M
Taher,M
Tahiel,M
Tahir,M
Tahirah,F
Tai,M
Taiana,F
Taiel,A
Taima,F
Taimir,M
Taina,F
Tair,F
Tais,F
Tait,M
Taite,M
Taka,F
Takara,F
Takashi,M
Takeo,M
Takeshi,M
Tal,M
Talaleo,M
Talasi,F
Talbert,M
Taleb,M
Tali,F
Talia,F
Talib,M
Talin,F
Tallulah,F
Talman,M
Talo,M
Talos,M
Tam,M
Tama,F
Tamah,F
Taman,M
Tamar,F
Tamara,F
Tamaro,M
Tamary,F
Tamasha,F
Tami,F
Tamia,A
Tamika,F
Tamina,F
Tamir,M
Tammy,F
Tanaka,A
Tancon,M
Tanek,M
Tani,F
Tania,F
Tanisha,F
Tanner,A
Tannsy,F
Tantalo,M
Tanton,M
Tanya,F
Tao,M
Tara,F
Taralo,M
Tarasio,M
Tarbula,F
Tarek,M
Tarik,M
Taro,M
Taron,M
Tarquino,M
Tarsicia,F
Tarsicio,M
Tarsila,F
Tarunadev,M
Taryn,F
Tas,M
Tasha,F
Tasio,M
Tate,M
Tathiana,F
Tatiana,F
Tatsuki,A
Tatsuo,M
Tatyana,F
Taurino,M
Tavish,M
Tawana,F
Tawnie,F
Tawny,F
Taylor,A
Tayra,F
Taysa,F
Tayyeb,M
Tazio,M
Teagan,M
Teague,M
Teal,A
Tecelino,M
Tecia,F
Tecla,F
Ted,M
Tehila,F
Tehuel,A
Tekla,F
Telemaco,M
Telesforo,M
Tell,M
Teller,M
Telly,M
Telma,F
Telmo,M
Telquilda,F
Tem,M
Temira,F
Temis,F
Temistocles,M
Tempest,F
Templeton,M
Teo,M
Teobaldo,M
Teocleta,F
Teoctiste,F
Teodardo,M
Teodefrido,M
Teodelina,F
Teodequilda,F
Teodolinda,F
Teodomiro,M
Teodora,F
Teodorico,M
Teodoro,M
Teodosia,F
Teodosio,M
Teodota,F
Teodoto,M
Teodulo,M
Teofanes,M
Teofania,F
Teofastro,M
Teofila,F
Teofilo,M
Teofredo,M
Teogenes,M
Teonas,M
Teonesto,M
Teopista,F
Teopisto,M
Teopompo,M
Teoprepido,M
Teoritgida,F
Teotimo,M
Tercero,M
Tercio,M
Tereciela,F
Terence,A
Terenciano,M
Terencio,M
Terentia,F
Teresa,F
Teresita,F
Termes,M
Terrence,M
Terris,M
Terry,A
Tertia,F
Tertuliano,M
Teseo,M
Teshi,F
Tesia,F
Tesifon,M
Tesifonte,M
Tesira,F
Tespesio,M
Tess,F
Tessa,F
Teusetas,M
Teva,M
Thaddeus,M
Thadea,F
Thai,M
Thaiel,M
Thais,F
Thalassa,F
Thalia,F
Thaman,M
Than,M
Thana,F
Thane,M
Thang,M
Thanos,M
Thatcher,M
Thayer,M
Thea,F
Thekla,F
Thelma,F
Thema,F
Themis,F
Theo,M
Theodor,M
Theodora,F
Theodore,M
Theodosia,F
Theone,F
Theophila,F
Theophile,M
Thera,F
Theresa,F
Therese,F
Theron,M
Thiago,M
Thierry,M
Thirza,M
Thomas,M
Thomasina,F
Thor,M
Thora,F
Thorbert,M
Thornton,M
Thorpe,M
Thuc,M
Thurman,M
Thurston,M
Thyra,F
Tiago,M
Tian,M
Tiana,F
Tiano,M
Tiara,F
Tiare,F
Tiaret,F
Tibalt,M
Tiberio,M
Tibor,M
Tiburcio,M
Tica,A
Ticiana,F
Ticiano,M
Tico,M
Ticon,M
Tierman,M
Tierney,M
Tiffany,F
Tigidio,M
Tigranes,M
Tigridia,F
Tilden,M
Tilton,M
Tim,M
Timandra,F
Timin,M
Timo,M
Timocrates,M
Timolao,M
Timon,M
Timoteo,M
Timothy,M
Tin,M
Tina,F
Tindaro,M
Tiponya,F
Tiquico,M
Tirannio,M
Tirsa,F
Tirso,M
Tirza,F
Tito,M
Tito Livio,M
Titus,M
Tivona,F
Tiziana,F
Tiziano,M
Tjomme,M
Tobar,M
Tobey,M
Tobia,M
Tobias,M
Tobit,M
Toby,F
Todd,M
Toft,M
Toichi,M
Tolomeo,M
Tom,M
Tomaida,F
Tomas,M
Tomasso,M
Tome,M
Tomer,M
Tomislav,M
Tomlin,M
Tommy,M
Tomy,M
Tong,M
Toni,F
Tonio,M
Tony,M
Topaz,F
Torcuato,M
Tori,F
Toribio,M
Torin,M
Torpetes,M
Torrance,M
Toshi,F
Toshiro,M
Tourion,M
Tova,F
Tovah,F
Tovi,M
Townley,M
Townsend,M
Toyah,F
Tracey,A
Tracy,F
Trahern,M
Traichen,A
Tranquilino,M
Transito,A
Traseas,M
Trason,M
Traugott,M
Travers,M
Travis,M
Trayton,M
Trella,F
Tremaine,M
Tremar,M
Trent,M
Trenton,M
Tresa,F
Treva,F
Trevor,M
Trey,M
Triana,F
Tricia,F
Trifena,F
Trifilo,M
Trifina,F
Trifon,M
Trifonia,F
Trifosa,F
Trigg,M
Trilby,F
Trina,F
Trinidad,F
Tripode,M
Triptolemo,M
Trista,F
Tristan,M
Tristana,F
Tristram,M
Trixie,F
Troades,M
Trofimo,M
Troy,M
Troyano,M
Trude,F
Trudon,M
Trudy,F
Truitt,M
Truman,M
Trumwin,M
Trustin,M
Tryphena,F
Tuan,M
Tubal,M
Tucidides,M
Tucker,M
Tuesday,F
Tug,M
Tugdualdo,M
Tujuaylites,A
Tulia,F
Tulio,M
Tully,M
Tung,M
Tupac,M
Turiaf,M
Turner,M
Turquesa,F
Tutilon,M
Tuton,M
Tuyen,M
Twitchell,M
Txomin,M
Ty,M
Tyara,F
Tyee,M
Tyler,A
Tymon,M
Tyne,F
Tyra,F
Tyrone,M
Tyrus,M
Tyson,M
Tzigane,F
Tzion,M
Tzipora,F
Tzofia,F
Tzui,M
Tzuriel,M
Tzvi,M
Uaine,M
Ualid,M
Uba,M
Ubadah,M
Ubaldo,M
Uberto,M
Uciel,F
Udele,F
Udine,F
Udo,M
Ugolino,M
Ugucion,M
Ukyo,M
Ula,F
Uladislao,M
Uldarico,M
Ulf,M
Ulfrido,M
Uliana,F
Ulises,M
Ulla,F
Ullah,M
Ulric,M
Ulrich,M
Ulrico,M
Ultima,F
Ultman,M
Ulysses,M
Uma,F
Umbelina,F
Umberto,M
Umi,M
Umit,M
Umma,F
Ummi,F
Unai,M
Unity,F
Uno,M
Upshaw,M
Upton,M
Urania,F
Urban,M
Urbana,F
Urbano,M
Urbicio,M
Uri,M
Uria,F
Uriah,A
Uriana,F
Uriel,M
Urit,F
Urko,M
Urpasiano,M
Ursa,F
Ursala,F
Ursicino,M
Ursicio,M
Ursion,M
Urso,M
Ursula,F
Ursulina,F
Usmaro,M
Usue,F
Uta,F
Ute,F
Uton,M
Uxue,F
Uzi,M
Uzias,M
Uziel,M
Vachel,M
Vadim,M
Vadin,M
Vail,M
Val,A
Vala,F
Valabonso,M
Valborg,M
Valda,F
Valdemar,M
Valdir,M
Valencia,F
Valente,M
Valentin,M
Valentina,F
Valentine,A
Valentiniano,M
Valentino,M
Valeria,F
Valeriano,M
Valerico,M
Valerie,F
Valerio,M
Valero,M
Valeska,F
Valonia,F
Valquiria,F
Valter,M
Valvurga,F
Van,M
Vance,M
Vanda,F
Vandyke,M
Vanesa,F
Vanessa,F
Vania,F
Vanik,M
Vanina,F
Vaniria,F
Vanna,F
Vannes,M
Vanora,F
Vanya,F
Varda,F
Vardon,M
Varick,M
Varico,M
Varinia,F
Vartan,M
Varun,M
Varuna,M
Varvara,F
Vashti,F
Vasin,M
Vassety,F
Vaughan,M
Vaughn,M
Vazquen,M
Veda,F
Vedasto,M
Vedie,M
Velia,F
Velika,F
Velma,F
Venancio,M
Venceslao,M
Vendimiano,M
Venecia,F
Veneranda,F
Venerando,M
Venerio,M
Venero,M
Venetia,F
Venezia,F
Ventis,M
Ventura,M
Venus,F
Venusta,F
Venusto,M
Vera,F
Verano,M
Verecundo,M
Veredigna,F
Veremundo,M
Verena,F
Verenice,F
Veriano,M
Verisimo,M
Verna,F
Verne,A
Vernerio,M
Vernon,M
Vero,M
Verona,F
Veronica,F
Veronika,F
Verrill,M
Verulo,M
Vesna,F
Vespasiano,M
Vespera,F
Vesta,F
Vetio,M
Veturo,M
Vevila,F
Vevina,F
Viator,M
Vicente,M
Vicky,F
Victor,M
Victoria,F
Victoriano,M
Victorico,M
Victorina,F
Victorino,M
Victorio,M
Victricio,M
Victuro,M
Vida,F
Vidal,M
Vidonia,F
Vidor,M
Viggo,M
Vigilio,M
Vignesh,M
Vigor,M
Viken,M
Viliulfo,M
Villbaldo,M
Vilma,F
Vimarasio,M
Vinay,M
Vince,M
Vincent,M
Vincenzo,M
Vindemial,M
Vindiciano,M
Vindomio,M
Vinicio,M
Vinicius,M
Vintila,M
Viola,F
Violet,F
Violeta,F
Violetta,F
Virgefortis,F
Virgil,M
Virgilio,M
Virginia,F
Virginio,M
Viridiana,F
Viridis,F
Virna,F
Virtudes,F
Visitacion,F
Vissia,F
Vistremundo,M
Vita,F
Vital,M
Vitalia,F
Vitaliano,M
Vitalicio,M
Vitalina,F
Vitantonio,M
Vitas,M
Vito,M
Vitoldo,M
Vitoria,F
Vitruvio,M
Vittoria,F
Vittorio,M
Viveka,F
Vivencio,M
Vivian,F
Viviana,F
Viviano,M
Vivienne,F
Vivina,F
Vlad,M
Vladimir,M
Vladimiro,M
Volfango,M
Voltaire,M
Volusiano,M
Vondra,F
Voto,M
Vulcano,M
Vulpiano,M
Waban,M
Wade,M
Waded,F
Wadih,M
Wagner,M
Wahaad,M
Wakanda,F
Wakeman,M
Wakiza,M
Walarico,M
Walberto,M
Walburga,F
Waldemar,M
Walden,M
Waldo,M
Walen,A
Walfrido,M
Walid,M
Walker,M
Walkiria,F
Walkyria,F
Wallace,M
Wallance,M
Walquiria,F
Walt,M
Walter,M
Waltruda,F
Wanda,F
Wandrilo,M
Wanelen,A
Wanengo,M
Waneta,F
Wapi,M
Wara,A
Ward,M
Wardell,M
Warein,M
Warner,M
Warren,M
Washington,M
Waskar,M
Wasnulfo,M
Watson,M
Waverly,M
Wayne,M
Wayra,A
Webster,M
Wechi,A
Welby,M
Welcome,F
Wells,M
Welton,M
Wen,M
Wenceslao,M
Wenda,F
Wendell,A
Wendy,F
Wenzel,M
Wereburga,F
Werner,M
Wes,M
Wesley,M
Wheeler,M
Whitby,M
Whitfield,M
Whitley,M
Whitney,A
Wi¤ay,A
Widrado,M
Wifredo,M
Wigerto,M
Wilbur,M
Wilebaldo,M
Wilford,M
Wilfred,M
Wilfredo,M
Wilfrido,M
Wilhelmina,F
Wilibrordo,M
Wiligiro,M
Will,M
Willa,F
Willard,M
Willem,M
William,M
Willis,M
Willka,A
Willow,F
Wilma,F
Wilona,F
Wilson,M
Winda,F
Winema,F
Winfred,A
Winifred,F
Winifreda,F
Winni,A
Winnoc,M
Winnthrop,M
Winola,F
Winona,F
Winslow,M
Winston,M
Wiron,M
Witburga,F
Witger,M
Wivina,F
Wolcott,M
Wolf,M
Wolfgang,M
Wolfgango,M
Woodrow,M
Wren,F
Wulen,F
Wulfilda,F
Wulfrano,M
Wulgis,M
Wulmaro,M
Wulstano,M
Wyatt,M
Wynn,M
Wynne,F
Xabier,M
Xan,M
Xanthe,F
Xanthus,M
Xantifa,F
Xavier,M
Xaviera,F
Xena,F
Xenia,F
Xenos,M
Xerxes,M
Xian,M
Xiana,F
Xiara,F
Ximen,M
Ximena,F
Xiomara,F
Xoan,M
Xoana,F
Xoel,M
Xose,M
Xulian,M
Xuxa,F
Xylia,F
Xylona,F
Ya,F
Yachne,F
Yaco,M
Yadia,F
Yadir,M
Yael,F
Yaela,F
Yafar,M
Yago,M
Yahel,M
Yahir,M
Yahto,M
Yain,M
Yair,M
Yaiza,F
Yako,M
Yal,A
Yale,M
Yam,A
Yamal,M
Yamandu,A
Yamay,A
Yamel,F
Yamil,M
Yamila,F
Yamile,F
Yamir,M
Yancy,M
Yandel,A
Yanel,F
Yanela,F
Yanella,F
Yanessis,F
Yanet,F
Yangjin,F
Yani,M
Yanil,F
Yanina,F
Yanira,F
Yanis,M
Yann,M
Yannick,M
Yannis,M
Yara,F
Yardley,M
Yariela,F
Yarin,M
Yarmilla,F
Yaro,M
Yaroslav,M
Yaroslawa,F
Yaser,M
Yasim,M
Yasmin,F
Yasmina,F
Yasuo,M
Yatel,A
Yavel,F
Yazmin,F
Yboty,A
Ye Chan,M
Ye Jee,F
Ye Zhi,M
Yehoshua,M
Yehuda,M
Yehudi,M
Yeji,F
Yemba,M
Yemina,F
Yenien,A
Yepa,F
Yerik,M
Yerimen,A
Yervant,M
Yesenia,F
Yesica,F
Yesmina,F
Yeva,F
Yexalem,A
Yinan,F
Yoav,M
Yochonon,A
Yoel,M
Yohrei,M
Yojana,F
Yoko,F
Yolanda,F
Yona,M
Yonah,F
Yonina,F
Yoninah,F
Yori,F
Yorick,M
York,M
Yosef,M
Yoseli,F
Yoshi,M
Young,M
Yovela,F
Ytiel,M
Yu,M
Yucundo,M
Yuichi,M
Yukari,F
Yuki,A
Yukii,F
Yukio,M
Yul,M
Yule,M
Yuma,M
Yumbi,F
Yumi,F
Yune,A
Yunka,A
Yuri,M
Yusef,M
Yuthiel,M
Yves,M
Yvette,F
Yvonne,F
Yyaron,M
Zacarias,M
Zachary,M
Zaci,M
Zada,F
Zadig,M
Zadquiel,M
Zafira,F
Zafiro,F
Zahara,F
Zahir,M
Zahira,F
Zahirah,F
Zahra,F
Zaid,M
Zaida,F
Zaila,F
Zainab,F
Zair,M
Zaira,F
Zaki,M
Zakia,F
Zale,M
Zalika,F
Zalman,M
Zaltana,F
Zamas,M
Zambdas,M
Zamiel,M
Zamira,F
Zandra,F
Zane,M
Zanitas,M
Zaqueo,M
Zara,F
Zarah,F
Zared,M
Zarek,M
Zarifa,F
Zarina,F
Zaura,F
Zaza,F
Zdenka,F
Zdenko,M
Zea,F
Zebulon,M
Zedekiah,M
Zeeb,M
Zehava,F
Zeke,M
Zeki,M
Zelda,F
Zelia,F
Zelig,M
Zelma,F
Zelmar,M
Zelmira,F
Zena,F
Zenaida,F
Zenaide,F
Zenas,M
Zenia,F
Zeno,M
Zenobia,F
Zenobio,M
Zenon,M
Zephan,M
Zephyr,F
Zerlinda,F
Zetta,F
Zeus,M
Zev,M
Zeva,F
Zevida,F
Zia,F
Zigana,F
Zigor,M
Zikomo,M
Zila,F
Zimri,M
Zina,F
Zine,M
Zinedine,M
Zinia,F
Zinnia,F
Zion,M
Zisis,M
Zita,F
Ziv,M
Ziva,F
Ziven,M
Zizi,F
Zoe,F
Zoel,A
Zohar,A
Zoia,F
Zoie,F
Zoila,F
Zoilo,M
Zola,F
Zoltan,M
Zona,F
Zora,F
Zoraida,F
Zosia,F
Zosima,F
Zosimo,M
Zotico,M
Zsa zsa,F
Zubair,M
Zula,F
Zulaica,F
Zuleika,F
Zulema,F
Zulima,F
Zulma,F
Zulmara,F
Zunilda,F
Zuriel,A
Zuza,F
Zuzanny,F
Zysli,F
De la Lourdes,F
Atalivas,M
Sadrach,M
Hilarios,M
Del Transito,A
Diojenes,M
Rosamel,M
Filidor,M
Eliazar,M
Isael,M
Rudenil,M
Medeli,F
Medelis,F
Pepe,M
Itor,M
Aglay,F
Atalivar,M
Riquelme,M
Baldonin,M
Atenor,M
Wladimir,M
Freddy,M
Lizandro,M
Noel,M
Eran,M
Jovel,M
Floridor,M
Filanor,M
Jobel,M
Isfrain,M
Cleope,F
Temistocle,M
Amadiel,M
Humilde,F
Excequiel,M
Miquel,M
Karime,F
Maercedes,F
Marmaduke,M
Whasinton,M
Osciel,M
Zorobabel,M
Virtud,F
Consolacion,F
Johny,M
Ediogenes,M
Juaquin,M
Fredys,M
Corazon,F
Joakin,M
Rodemil,M
Jertrudis,F
Harri,M
Dayan,M
Burre,M
Rainier,M
Ibor,M
Egberton,M
Williams,M
Nector,M
Robinzon,M
Merse,F
Eduvije,F
Magaly,F
Eustaqui,M
Bladimir,M
Eliacer,M
Jerman,M
Stede,M
Neris,F
Nilson,M
Dickson,M
Esterlindad,F
Medeliz,F
Ascencion,F
Atalibar,M
Jetrudes,F
Cosmes,M
Inoves,M
Inoe,M
Ladys,F
Eliazer,M
Alen,M
Nohemias,M
Aidee,F
Saiden,M
Dionil,M
Fracier,M
Farides,F
Eduvijes,F
Willy,M
Darwin,M
Asdruval,M
Faride,A
Whelinton,M
Loraine,F
Radel,M
Fany,F
Gertrudiz,F
Adimir,M
Deisy,F
Navor,M
Fredy,M
Obner,M
Salatiel,M
Izar,F
Juani,M
Berlin,F
Fanor,M
Zhukoff,M
Lili,F
Ide,F
Egladys,F
Eliomar,M
Dessy,F
Jovani,M
Maudy,F
Yudy,F
Fidelis,M
Renan,M
Sofanor,M
Mariluz,F
Ordenel,M
Nury,F
Lindor,M
Deojin,M
